-- Adminer 4.6.2 MySQL dump

SET NAMES utf8;
SET time_zone = '+00:00';
SET foreign_key_checks = 0;
SET sql_mode = 'NO_AUTO_VALUE_ON_ZERO';

DROP TABLE IF EXISTS `admin_logs`;
CREATE TABLE `admin_logs` (
  `id` int(10) unsigned NOT NULL AUTO_INCREMENT,
  `uid` int(10) unsigned NOT NULL,
  `logtime` datetime NOT NULL,
  `ipaddress` varbinary(16) NOT NULL,
  `flag` tinyint(1) NOT NULL DEFAULT '0',
  PRIMARY KEY (`id`),
  UNIQUE KEY `id` (`id`)
) ENGINE=InnoDB DEFAULT CHARSET=utf8;

INSERT INTO `admin_logs` (`id`, `uid`, `logtime`, `ipaddress`, `flag`) VALUES
(1,	1,	'2019-01-21 17:17:03',	UNHEX('C0A80051'),	0),
(2,	1,	'2019-01-21 17:17:51',	UNHEX('C0A80051'),	0),
(3,	1,	'2019-01-21 17:20:10',	UNHEX('C0A80051'),	0),
(4,	1,	'2019-01-21 18:08:26',	UNHEX('C0A80051'),	0),
(5,	1,	'2019-01-21 18:51:17',	UNHEX('C0A80051'),	0),
(6,	1,	'2019-01-21 19:36:56',	UNHEX('C0A80051'),	0),
(7,	1,	'2019-01-21 19:38:34',	UNHEX('C0A80051'),	0),
(8,	1,	'2019-01-21 20:26:58',	UNHEX('C0A80051'),	0),
(9,	1,	'2019-01-21 20:38:48',	UNHEX('C0A80051'),	0),
(10,	1,	'2019-01-21 21:26:19',	UNHEX('C0A80051'),	0),
(11,	1,	'2019-01-21 22:16:01',	UNHEX('C0A80051'),	0),
(12,	1,	'2019-01-21 23:12:33',	UNHEX('C0A80051'),	0),
(13,	1,	'2019-01-21 23:23:47',	UNHEX('C0A80051'),	0),
(14,	1,	'2019-01-22 15:37:25',	UNHEX('C0A80051'),	0),
(15,	1,	'2019-01-22 15:57:26',	UNHEX('C0A80051'),	0),
(16,	1,	'2019-01-22 16:05:14',	UNHEX('C0A80051'),	0),
(17,	1,	'2019-01-22 16:14:24',	UNHEX('C0A80051'),	0),
(18,	1,	'2019-01-22 16:53:53',	UNHEX('C0A80051'),	0),
(19,	1,	'2019-01-22 18:07:05',	UNHEX('C0A80051'),	0),
(20,	1,	'2019-01-22 19:38:51',	UNHEX('C0A80051'),	0),
(21,	1,	'2019-01-22 19:57:44',	UNHEX('C0A80051'),	0),
(22,	1,	'2019-01-22 19:59:51',	UNHEX('C0A80051'),	0),
(23,	1,	'2019-01-22 20:43:15',	UNHEX('C0A80051'),	0),
(24,	1,	'2019-01-22 21:10:33',	UNHEX('C0A80051'),	0),
(25,	1,	'2019-01-22 22:13:40',	UNHEX('C0A80051'),	0),
(26,	1,	'2019-01-22 22:20:04',	UNHEX('C0A80051'),	0),
(27,	1,	'2019-01-22 23:29:49',	UNHEX('C0A80051'),	0),
(28,	1,	'2019-01-23 00:12:34',	UNHEX('C0A80051'),	0),
(29,	1,	'2019-01-23 15:23:52',	UNHEX('C0A80051'),	0),
(30,	1,	'2019-01-23 15:43:54',	UNHEX('C0A80051'),	0),
(31,	1,	'2019-01-23 16:12:58',	UNHEX('C0A80051'),	0),
(32,	1,	'2019-01-23 16:51:07',	UNHEX('C0A80051'),	0),
(33,	1,	'2019-01-23 17:33:44',	UNHEX('C0A80051'),	0),
(34,	1,	'2019-01-23 18:32:43',	UNHEX('C0A80051'),	0),
(35,	1,	'2019-01-23 18:51:00',	UNHEX('C0A80051'),	0),
(36,	1,	'2019-01-23 20:04:42',	UNHEX('C0A80051'),	0),
(37,	1,	'2019-01-23 20:08:26',	UNHEX('C0A80051'),	0),
(38,	1,	'2019-01-23 20:54:19',	UNHEX('C0A80051'),	0),
(39,	1,	'2019-01-23 22:03:12',	UNHEX('C0A80051'),	0),
(40,	1,	'2019-01-23 22:16:29',	UNHEX('C0A80051'),	0),
(41,	1,	'2019-01-23 22:30:27',	UNHEX('C0A80051'),	0),
(42,	1,	'2019-01-23 23:44:26',	UNHEX('C0A80051'),	0),
(43,	1,	'2019-01-23 23:59:48',	UNHEX('C0A80051'),	0),
(44,	1,	'2019-01-24 00:55:40',	UNHEX('C0A80051'),	0),
(45,	1,	'2019-01-24 00:57:23',	UNHEX('C0A80051'),	0),
(46,	1,	'2019-01-24 16:34:30',	UNHEX('C0A80051'),	0),
(47,	1,	'2019-01-24 17:36:44',	UNHEX('C0A80051'),	0),
(48,	1,	'2019-01-24 19:35:53',	UNHEX('C0A80051'),	0),
(49,	1,	'2019-01-24 22:35:38',	UNHEX('C0A80051'),	0),
(50,	1,	'2019-01-24 22:40:12',	UNHEX('C0A80051'),	0),
(51,	2,	'2019-01-24 22:59:33',	UNHEX('C0A80051'),	0),
(52,	3,	'2019-01-24 23:01:04',	UNHEX('C0A80051'),	0),
(53,	1,	'2019-01-24 23:08:40',	UNHEX('C0A80051'),	0),
(54,	1,	'2019-01-24 23:15:54',	UNHEX('C0A80051'),	0),
(55,	1,	'2019-01-24 23:47:09',	UNHEX('C0A80051'),	0),
(56,	1,	'2019-01-24 23:56:57',	UNHEX('C0A80051'),	0),
(57,	1,	'2019-01-25 00:18:20',	UNHEX('C0A80051'),	0),
(58,	3,	'2019-01-25 00:34:18',	UNHEX('C0A80051'),	0),
(59,	3,	'2019-01-25 01:07:30',	UNHEX('C0A80051'),	0),
(60,	2,	'2019-01-25 01:10:56',	UNHEX('C0A80051'),	0),
(61,	1,	'2019-01-25 01:37:44',	UNHEX('C0A80051'),	0),
(62,	1,	'2019-01-25 15:57:01',	UNHEX('C0A80051'),	0),
(63,	1,	'2019-01-25 17:02:45',	UNHEX('C0A80051'),	0),
(64,	1,	'2019-01-25 17:27:58',	UNHEX('C0A80051'),	0),
(65,	1,	'2019-01-25 18:03:09',	UNHEX('C0A80051'),	0),
(66,	1,	'2019-01-25 20:53:31',	UNHEX('C0A80051'),	0),
(67,	1,	'2019-01-25 21:03:14',	UNHEX('C0A80051'),	0),
(68,	1,	'2019-01-25 22:37:43',	UNHEX('C0A80051'),	0),
(69,	1,	'2019-01-25 23:06:52',	UNHEX('C0A80051'),	0),
(70,	1,	'2019-01-25 23:28:19',	UNHEX('C0A80051'),	0),
(71,	1,	'2019-01-26 00:54:28',	UNHEX('C0A80051'),	0),
(72,	1,	'2019-01-26 01:19:30',	UNHEX('C0A80051'),	0),
(73,	1,	'2019-01-28 06:50:19',	UNHEX('C0A80051'),	0),
(74,	1,	'2019-01-28 15:54:46',	UNHEX('C0A80051'),	0),
(75,	1,	'2019-01-28 16:07:35',	UNHEX('C0A80051'),	0),
(76,	1,	'2019-01-28 16:40:26',	UNHEX('C0A80051'),	0),
(77,	1,	'2019-01-28 17:31:17',	UNHEX('C0A80051'),	0),
(78,	1,	'2019-01-28 17:48:18',	UNHEX('C0A80051'),	0),
(79,	1,	'2019-01-28 19:34:33',	UNHEX('C0A80051'),	0),
(80,	1,	'2019-01-28 20:12:09',	UNHEX('C0A80051'),	0),
(81,	1,	'2019-01-28 20:21:04',	UNHEX('C0A80051'),	0),
(82,	1,	'2019-01-28 21:03:12',	UNHEX('C0A80051'),	0),
(83,	1,	'2019-01-28 21:57:32',	UNHEX('C0A80051'),	0),
(84,	1,	'2019-01-28 22:36:49',	UNHEX('C0A80051'),	0),
(85,	1,	'2019-01-28 22:57:00',	UNHEX('C0A80051'),	0),
(86,	1,	'2019-01-29 00:01:59',	UNHEX('C0A80051'),	0),
(87,	1,	'2019-01-29 16:27:00',	UNHEX('C0A80051'),	0),
(88,	1,	'2019-01-29 16:27:19',	UNHEX('C0A80051'),	0),
(89,	1,	'2019-01-29 16:27:21',	UNHEX('C0A80051'),	0),
(90,	1,	'2019-01-29 17:46:43',	UNHEX('C0A80051'),	0),
(91,	1,	'2019-01-29 19:39:35',	UNHEX('C0A80051'),	0),
(92,	1,	'2019-01-29 19:42:22',	UNHEX('C0A80051'),	0),
(93,	1,	'2019-01-29 20:26:42',	UNHEX('C0A80051'),	0),
(94,	1,	'2019-01-29 21:23:00',	UNHEX('C0A80051'),	0),
(95,	1,	'2019-01-29 21:39:42',	UNHEX('C0A80051'),	0),
(96,	1,	'2019-01-29 22:03:01',	UNHEX('C0A80051'),	0),
(97,	1,	'2019-01-29 23:10:04',	UNHEX('C0A80051'),	0),
(98,	1,	'2019-01-30 17:09:30',	UNHEX('C0A80051'),	0),
(99,	1,	'2019-01-30 17:38:29',	UNHEX('C0A80051'),	0),
(100,	1,	'2019-01-30 17:41:59',	UNHEX('C0A80051'),	0),
(101,	1,	'2019-01-30 19:41:54',	UNHEX('C0A80051'),	0),
(102,	1,	'2019-01-30 20:50:49',	UNHEX('C0A80051'),	0),
(103,	1,	'2019-01-30 21:09:24',	UNHEX('C0A80051'),	0),
(104,	1,	'2019-01-30 21:48:35',	UNHEX('C0A80051'),	0),
(105,	1,	'2019-01-30 22:43:40',	UNHEX('C0A80051'),	0),
(106,	1,	'2019-01-30 22:51:41',	UNHEX('C0A80051'),	0),
(107,	1,	'2019-01-30 23:43:57',	UNHEX('C0A80051'),	0),
(108,	1,	'2019-01-30 23:56:38',	UNHEX('C0A80051'),	0),
(109,	1,	'2019-01-31 15:39:27',	UNHEX('C0A80051'),	0),
(110,	1,	'2019-01-31 15:59:15',	UNHEX('C0A80051'),	0),
(111,	1,	'2019-01-31 16:40:25',	UNHEX('C0A80051'),	0),
(112,	1,	'2019-01-31 17:23:47',	UNHEX('C0A80051'),	0),
(113,	1,	'2019-01-31 17:40:36',	UNHEX('C0A80051'),	0),
(114,	1,	'2019-01-31 17:54:05',	UNHEX('C0A80051'),	0),
(115,	1,	'2019-01-31 19:26:03',	UNHEX('C0A80051'),	0),
(116,	1,	'2019-01-31 19:27:33',	UNHEX('C0A80051'),	0),
(117,	1,	'2019-01-31 19:43:55',	UNHEX('C0A80051'),	0),
(118,	1,	'2019-01-31 20:03:31',	UNHEX('C0A80051'),	0),
(119,	1,	'2019-01-31 20:19:06',	UNHEX('C0A80051'),	0),
(120,	1,	'2019-01-31 22:04:38',	UNHEX('C0A80051'),	0),
(121,	1,	'2019-01-31 22:04:58',	UNHEX('C0A80051'),	0),
(122,	1,	'2019-01-31 22:12:57',	UNHEX('C0A80051'),	0),
(123,	1,	'2019-01-31 23:11:09',	UNHEX('C0A80051'),	0),
(124,	1,	'2019-02-01 00:22:55',	UNHEX('C0A80051'),	0),
(125,	1,	'2019-02-01 00:53:45',	UNHEX('C0A80051'),	0),
(126,	1,	'2019-02-01 00:59:50',	UNHEX('C0A80051'),	0),
(127,	1,	'2019-02-01 01:35:53',	UNHEX('C0A80051'),	0),
(128,	1,	'2019-02-01 02:30:08',	UNHEX('C0A80051'),	0),
(129,	1,	'2019-02-01 04:01:43',	UNHEX('C0A80051'),	0),
(130,	1,	'2019-02-01 15:53:28',	UNHEX('C0A80051'),	0),
(131,	1,	'2019-02-01 16:18:01',	UNHEX('C0A80051'),	0),
(132,	1,	'2019-02-01 16:24:42',	UNHEX('C0A80051'),	0),
(133,	1,	'2019-02-01 16:38:36',	UNHEX('C0A80051'),	0),
(134,	1,	'2019-02-01 17:17:46',	UNHEX('C0A80051'),	0),
(135,	1,	'2019-02-01 17:33:03',	UNHEX('C0A80051'),	0),
(136,	1,	'2019-02-01 17:50:53',	UNHEX('C0A80051'),	0),
(137,	1,	'2019-02-01 18:35:03',	UNHEX('C0A80051'),	0),
(138,	1,	'2019-02-01 18:42:52',	UNHEX('C0A80051'),	0),
(139,	1,	'2019-02-01 19:42:32',	UNHEX('C0A80051'),	0),
(140,	1,	'2019-02-01 19:43:22',	UNHEX('C0A80051'),	0),
(141,	1,	'2019-02-01 19:50:08',	UNHEX('C0A80051'),	0),
(142,	1,	'2019-02-01 19:54:32',	UNHEX('C0A80051'),	0),
(143,	1,	'2019-02-01 20:20:27',	UNHEX('C0A80051'),	0),
(144,	1,	'2019-02-01 20:50:06',	UNHEX('C0A80051'),	0),
(145,	1,	'2019-02-01 21:01:54',	UNHEX('C0A80051'),	0),
(146,	1,	'2019-02-01 21:19:50',	UNHEX('C0A80051'),	0),
(147,	1,	'2019-02-01 21:55:27',	UNHEX('C0A80051'),	0),
(148,	1,	'2019-02-01 22:52:45',	UNHEX('C0A80051'),	0),
(149,	1,	'2019-02-01 22:59:31',	UNHEX('C0A80051'),	0),
(150,	1,	'2019-02-01 23:02:26',	UNHEX('C0A80051'),	0),
(151,	1,	'2019-02-01 23:50:42',	UNHEX('C0A80051'),	0),
(152,	1,	'2019-02-02 01:34:37',	UNHEX('C0A80051'),	0),
(153,	1,	'2019-02-02 02:13:54',	UNHEX('C0A80051'),	0),
(154,	1,	'2019-02-02 15:45:27',	UNHEX('C0A80051'),	0),
(155,	1,	'2019-02-02 17:37:26',	UNHEX('C0A80051'),	0),
(156,	1,	'2019-02-02 18:00:34',	UNHEX('C0A80051'),	0),
(157,	1,	'2019-02-02 18:04:35',	UNHEX('C0A80051'),	0),
(158,	1,	'2019-02-02 18:51:42',	UNHEX('C0A80051'),	0),
(159,	1,	'2019-02-02 18:58:00',	UNHEX('C0A80051'),	0),
(160,	1,	'2019-02-02 20:11:08',	UNHEX('C0A80051'),	0),
(161,	1,	'2019-02-02 20:59:52',	UNHEX('C0A80051'),	0),
(162,	1,	'2019-02-02 21:03:58',	UNHEX('C0A80051'),	0),
(163,	1,	'2019-02-02 21:15:12',	UNHEX('C0A80051'),	0),
(164,	1,	'2019-02-02 22:00:06',	UNHEX('C0A80051'),	0),
(165,	1,	'2019-02-03 05:17:58',	UNHEX('C0A80051'),	0),
(166,	1,	'2019-02-03 16:30:24',	UNHEX('C0A80051'),	0),
(167,	1,	'2019-02-03 23:35:42',	UNHEX('C0A80051'),	0),
(168,	1,	'2019-02-04 01:06:38',	UNHEX('C0A80051'),	0),
(169,	1,	'2019-02-04 03:14:46',	UNHEX('C0A80051'),	0),
(170,	1,	'2019-02-04 03:47:35',	UNHEX('C0A80051'),	0),
(171,	1,	'2019-02-04 04:52:33',	UNHEX('C0A80051'),	0),
(172,	1,	'2019-02-04 16:03:25',	UNHEX('C0A80051'),	0),
(173,	1,	'2019-02-04 16:24:25',	UNHEX('C0A80051'),	0),
(174,	1,	'2019-02-04 16:37:24',	UNHEX('C0A80051'),	0),
(175,	1,	'2019-02-04 17:04:22',	UNHEX('C0A80051'),	0),
(176,	1,	'2019-02-04 17:50:03',	UNHEX('C0A80051'),	0),
(177,	1,	'2019-02-04 18:23:36',	UNHEX('C0A80051'),	0),
(178,	1,	'2019-02-04 19:32:22',	UNHEX('C0A80051'),	0),
(179,	1,	'2019-02-04 19:35:08',	UNHEX('C0A80051'),	0),
(180,	1,	'2019-02-04 19:51:42',	UNHEX('C0A80051'),	0),
(181,	1,	'2019-02-04 20:18:16',	UNHEX('C0A80051'),	0),
(182,	1,	'2019-02-04 20:24:55',	UNHEX('C0A80051'),	0),
(183,	1,	'2019-02-04 20:58:24',	UNHEX('C0A80051'),	0),
(184,	1,	'2019-02-04 21:50:36',	UNHEX('C0A80051'),	0),
(185,	1,	'2019-02-04 22:03:03',	UNHEX('C0A80051'),	0),
(186,	1,	'2019-02-04 22:50:28',	UNHEX('C0A80051'),	0),
(187,	1,	'2019-02-04 22:58:21',	UNHEX('C0A80051'),	0),
(188,	1,	'2019-02-04 23:10:41',	UNHEX('C0A80051'),	0),
(189,	1,	'2019-02-04 23:55:12',	UNHEX('C0A80051'),	0),
(190,	1,	'2019-02-05 00:14:48',	UNHEX('C0A80051'),	0),
(191,	1,	'2019-02-05 00:52:36',	UNHEX('C0A80051'),	0),
(192,	1,	'2019-02-05 01:17:32',	UNHEX('C0A80051'),	0),
(193,	1,	'2019-02-05 01:25:12',	UNHEX('C0A80051'),	0),
(194,	1,	'2019-02-05 15:27:32',	UNHEX('C0A80051'),	0),
(195,	1,	'2019-02-05 15:34:29',	UNHEX('C0A80051'),	0),
(196,	1,	'2019-02-05 16:40:08',	UNHEX('C0A80051'),	0),
(197,	1,	'2019-02-05 16:54:55',	UNHEX('3D0C4372'),	0),
(198,	1,	'2019-02-05 18:39:36',	UNHEX('3D0C4372'),	0),
(199,	1,	'2019-02-05 19:06:17',	UNHEX('3D0C4372'),	0),
(200,	1,	'2019-02-05 19:24:56',	UNHEX('3D0C4372'),	0),
(201,	1,	'2019-02-05 19:50:20',	UNHEX('3D0C4372'),	0),
(202,	1,	'2019-02-05 21:03:29',	UNHEX('3D0C4372'),	0),
(203,	1,	'2019-02-05 21:05:30',	UNHEX('3D0C4372'),	0),
(204,	1,	'2019-02-05 21:06:44',	UNHEX('3D0C4372'),	0),
(205,	1,	'2019-02-05 21:49:22',	UNHEX('3D0C4372'),	0),
(206,	1,	'2019-02-05 21:49:50',	UNHEX('3D0C4372'),	0),
(207,	1,	'2019-02-05 22:59:40',	UNHEX('3D0C4372'),	0),
(208,	1,	'2019-02-06 00:47:18',	UNHEX('A0CA25F6'),	0),
(209,	1,	'2019-02-06 03:34:40',	UNHEX('7AB1856E'),	0),
(210,	1,	'2019-02-06 15:50:48',	UNHEX('3D0C4372'),	0),
(211,	1,	'2019-02-06 16:16:39',	UNHEX('3D0C4372'),	0),
(212,	1,	'2019-02-06 16:28:08',	UNHEX('3D0C4372'),	0),
(213,	1,	'2019-02-06 17:26:20',	UNHEX('3D0C4372'),	0),
(214,	1,	'2019-02-06 18:33:38',	UNHEX('3D0C4372'),	0),
(215,	1,	'2019-02-06 19:41:20',	UNHEX('3D0C4372'),	0),
(216,	1,	'2019-02-06 19:53:25',	UNHEX('3D0C4372'),	0),
(217,	1,	'2019-02-06 20:00:57',	UNHEX('3D0C4372'),	0),
(218,	1,	'2019-02-06 20:32:29',	UNHEX('3D0C4372'),	0),
(219,	1,	'2019-02-06 20:38:52',	UNHEX('3D0C4372'),	0),
(220,	1,	'2019-02-06 20:41:22',	UNHEX('3D0C4372'),	0),
(221,	1,	'2019-02-06 21:03:44',	UNHEX('3D0C4372'),	0),
(222,	1,	'2019-02-06 21:22:10',	UNHEX('3D0C4372'),	0),
(223,	1,	'2019-02-06 22:34:12',	UNHEX('3D0C4372'),	0),
(224,	1,	'2019-02-06 22:47:35',	UNHEX('3D0C4372'),	0),
(225,	1,	'2019-02-06 23:27:37',	UNHEX('3D0C4372'),	0),
(226,	1,	'2019-02-06 23:50:04',	UNHEX('3D0C4372'),	0),
(227,	1,	'2019-02-07 00:07:36',	UNHEX('3D0C4372'),	0),
(228,	1,	'2019-02-07 00:21:48',	UNHEX('3D0C4372'),	0),
(229,	1,	'2019-02-07 03:23:09',	UNHEX('6AD7659B'),	0),
(230,	1,	'2019-02-07 15:43:02',	UNHEX('3D0C4372'),	0),
(231,	1,	'2019-02-07 16:09:13',	UNHEX('3D0C4372'),	0),
(232,	1,	'2019-02-07 17:28:00',	UNHEX('3D0C4372'),	0),
(233,	1,	'2019-02-07 18:28:59',	UNHEX('3D0C4372'),	0),
(234,	1,	'2019-02-07 19:29:44',	UNHEX('3D0C4372'),	0),
(235,	1,	'2019-02-07 19:37:04',	UNHEX('3D0C4372'),	0),
(236,	1,	'2019-02-07 19:39:00',	UNHEX('3D0C4372'),	0),
(237,	1,	'2019-02-07 19:39:44',	UNHEX('3D0C4372'),	0),
(238,	1,	'2019-02-07 19:48:07',	UNHEX('3D0C4372'),	0),
(239,	1,	'2019-02-07 20:18:03',	UNHEX('3D0C4372'),	0),
(240,	1,	'2019-02-07 20:32:01',	UNHEX('3D0C4372'),	0),
(241,	1,	'2019-02-07 20:52:20',	UNHEX('3D0C4372'),	0),
(242,	1,	'2019-02-07 21:33:50',	UNHEX('3D0C4372'),	0),
(243,	1,	'2019-02-07 21:40:50',	UNHEX('3D0C4372'),	0),
(244,	1,	'2019-02-07 22:10:35',	UNHEX('3D0C4372'),	0),
(245,	1,	'2019-02-07 22:22:09',	UNHEX('3D0C4372'),	0),
(246,	1,	'2019-02-07 22:22:14',	UNHEX('3D0C4372'),	0),
(247,	1,	'2019-02-07 23:30:14',	UNHEX('3D0C4372'),	0),
(248,	1,	'2019-02-08 00:33:09',	UNHEX('3D0C4372'),	0),
(249,	1,	'2019-02-08 01:01:21',	UNHEX('3D0C4372'),	0),
(250,	1,	'2019-02-08 15:33:31',	UNHEX('3D0C4372'),	0),
(251,	1,	'2019-02-08 15:49:30',	UNHEX('3D0C4372'),	0),
(252,	1,	'2019-02-08 16:14:00',	UNHEX('3D0C4372'),	0),
(253,	1,	'2019-02-08 17:26:01',	UNHEX('3D0C4372'),	0),
(254,	1,	'2019-02-08 19:30:21',	UNHEX('3D0C4372'),	0),
(255,	1,	'2019-02-08 19:48:40',	UNHEX('3D0C4372'),	0),
(256,	1,	'2019-02-08 20:05:17',	UNHEX('3D0C4372'),	0),
(257,	1,	'2019-02-08 20:05:17',	UNHEX('3D0C4372'),	0),
(258,	1,	'2019-02-08 20:05:17',	UNHEX('3D0C4372'),	0),
(259,	1,	'2019-02-08 21:00:32',	UNHEX('3D0C4372'),	0),
(260,	1,	'2019-02-08 21:59:26',	UNHEX('3D0C4372'),	0),
(261,	1,	'2019-02-08 22:14:14',	UNHEX('3D0C4372'),	0),
(262,	1,	'2019-02-08 22:22:57',	UNHEX('3D0C4372'),	0),
(263,	1,	'2019-02-08 22:28:54',	UNHEX('3D0C4372'),	0),
(264,	1,	'2019-02-08 22:54:14',	UNHEX('3D0C4372'),	0),
(265,	1,	'2019-02-08 23:41:21',	UNHEX('3D0C4372'),	0),
(266,	1,	'2019-02-09 00:44:56',	UNHEX('3D0C4372'),	0),
(267,	1,	'2019-02-09 00:51:12',	UNHEX('3D0C4372'),	0),
(268,	1,	'2019-02-09 01:00:19',	UNHEX('3D0C4372'),	0),
(269,	1,	'2019-02-09 01:26:59',	UNHEX('3D0C4372'),	0),
(270,	1,	'2019-02-09 01:32:03',	UNHEX('3D0C4372'),	0),
(271,	1,	'2019-02-09 15:19:45',	UNHEX('3D0C4372'),	0),
(272,	1,	'2019-02-09 15:22:11',	UNHEX('3D0C4372'),	0),
(273,	1,	'2019-02-09 15:39:27',	UNHEX('3D0C4372'),	0),
(274,	1,	'2019-02-09 15:54:43',	UNHEX('3D0C4372'),	0),
(275,	1,	'2019-02-09 16:07:52',	UNHEX('3D0C4372'),	0),
(276,	1,	'2019-02-09 16:58:07',	UNHEX('3D0C4372'),	0),
(277,	1,	'2019-02-09 17:11:05',	UNHEX('3D0C4372'),	0),
(278,	1,	'2019-02-09 17:51:26',	UNHEX('3D0C4372'),	0),
(279,	1,	'2019-02-09 18:27:41',	UNHEX('3D0C4372'),	0),
(280,	1,	'2019-02-11 15:22:16',	UNHEX('3D0C4372'),	0),
(281,	1,	'2019-02-11 15:47:59',	UNHEX('3D0C4372'),	0),
(282,	1,	'2019-02-11 15:52:03',	UNHEX('3D0C4372'),	0),
(283,	1,	'2019-02-11 16:03:50',	UNHEX('3D0C4372'),	0),
(284,	1,	'2019-02-11 16:06:21',	UNHEX('3D0C4372'),	0),
(285,	1,	'2019-02-11 17:02:27',	UNHEX('3D0C4372'),	0),
(286,	1,	'2019-02-11 17:06:38',	UNHEX('3D0C4372'),	0),
(287,	1,	'2019-02-11 17:49:39',	UNHEX('3D0C4372'),	0),
(288,	1,	'2019-02-11 18:33:13',	UNHEX('3D0C4372'),	0),
(289,	1,	'2019-02-11 19:11:53',	UNHEX('3D0C4372'),	0),
(290,	1,	'2019-02-11 19:18:50',	UNHEX('3D0C4372'),	0),
(291,	1,	'2019-02-11 19:34:31',	UNHEX('3D0C4372'),	0),
(292,	1,	'2019-02-11 19:43:53',	UNHEX('3D0C4372'),	0),
(293,	1,	'2019-02-11 19:53:41',	UNHEX('3D0C4372'),	0),
(294,	1,	'2019-02-11 20:08:40',	UNHEX('3D0C4372'),	0),
(295,	1,	'2019-02-11 20:49:17',	UNHEX('3D0C4372'),	0),
(296,	1,	'2019-02-11 21:06:29',	UNHEX('3D0C4372'),	0),
(297,	1,	'2019-02-11 21:31:01',	UNHEX('3D0C4372'),	0),
(298,	1,	'2019-02-11 21:57:09',	UNHEX('3D0C4372'),	0),
(299,	1,	'2019-02-11 22:20:18',	UNHEX('3D0C4372'),	0),
(300,	1,	'2019-02-11 22:27:22',	UNHEX('3D0C4372'),	0),
(301,	1,	'2019-02-11 22:37:49',	UNHEX('3D0C4372'),	0),
(302,	1,	'2019-02-11 22:59:27',	UNHEX('3D0C4372'),	0),
(303,	1,	'2019-02-11 23:00:32',	UNHEX('3D0C4372'),	0),
(304,	1,	'2019-02-12 00:00:36',	UNHEX('3D0C4372'),	0),
(305,	1,	'2019-02-12 00:02:22',	UNHEX('3D0C4372'),	0),
(306,	1,	'2019-02-12 00:33:15',	UNHEX('3D0C4372'),	0),
(307,	1,	'2019-02-12 15:21:45',	UNHEX('3D0C4372'),	0),
(308,	1,	'2019-02-12 15:23:12',	UNHEX('3D0C4372'),	0),
(309,	1,	'2019-02-12 15:23:49',	UNHEX('3D0C4372'),	0),
(310,	1,	'2019-02-12 16:58:00',	UNHEX('3D0C4372'),	0),
(311,	1,	'2019-02-12 18:03:52',	UNHEX('3D0C4372'),	0),
(312,	1,	'2019-02-12 19:35:41',	UNHEX('3D0C4372'),	0),
(313,	1,	'2019-02-12 19:36:45',	UNHEX('3D0C4372'),	0),
(314,	1,	'2019-02-12 19:51:17',	UNHEX('3D0C4372'),	0),
(315,	1,	'2019-02-12 20:08:03',	UNHEX('3D0C4372'),	0),
(316,	1,	'2019-02-12 21:48:30',	UNHEX('3D0C4372'),	0),
(317,	1,	'2019-02-12 22:12:58',	UNHEX('3D0C4372'),	0),
(318,	1,	'2019-02-12 22:35:50',	UNHEX('3D0C4372'),	0),
(319,	1,	'2019-02-13 16:58:38',	UNHEX('3D0C4372'),	0),
(320,	1,	'2019-02-13 19:37:31',	UNHEX('3D0C4372'),	0),
(321,	1,	'2019-02-13 20:12:43',	UNHEX('3D0C4372'),	0),
(322,	1,	'2019-02-13 20:22:18',	UNHEX('3D0C4372'),	0),
(323,	1,	'2019-02-13 20:26:48',	UNHEX('3D0C4372'),	0),
(324,	1,	'2019-02-13 21:10:10',	UNHEX('3D0C4372'),	0),
(325,	1,	'2019-02-13 21:10:13',	UNHEX('3D0C4372'),	0),
(326,	1,	'2019-02-13 22:47:08',	UNHEX('3D0C4372'),	0),
(327,	1,	'2019-02-13 22:49:26',	UNHEX('3D0C4372'),	0),
(328,	1,	'2019-02-13 23:53:40',	UNHEX('3D0C4372'),	0),
(329,	1,	'2019-02-14 01:09:00',	UNHEX('3D0C4372'),	0),
(330,	1,	'2019-02-14 03:02:35',	UNHEX('A0CA2526'),	0),
(331,	1,	'2019-02-14 05:21:47',	UNHEX('A0CA2526'),	0),
(332,	1,	'2019-02-14 05:38:23',	UNHEX('6ACA74A6'),	0),
(333,	1,	'2019-02-14 15:31:00',	UNHEX('3D0C4372'),	0),
(334,	1,	'2019-02-14 16:15:25',	UNHEX('3D0C4372'),	0),
(335,	1,	'2019-02-14 16:26:07',	UNHEX('3D0C4372'),	0),
(336,	1,	'2019-02-14 17:58:01',	UNHEX('3D0C4372'),	0),
(337,	1,	'2019-02-14 19:49:09',	UNHEX('3D0C4372'),	0),
(338,	1,	'2019-02-14 19:49:55',	UNHEX('3D0C4372'),	0),
(339,	1,	'2019-02-14 20:06:54',	UNHEX('3D0C4372'),	0),
(340,	1,	'2019-02-14 20:13:28',	UNHEX('3D0C4372'),	0),
(341,	1,	'2019-02-14 21:15:40',	UNHEX('3D0C4372'),	0),
(342,	1,	'2019-02-14 22:19:41',	UNHEX('3D0C4372'),	0),
(343,	1,	'2019-02-14 22:25:07',	UNHEX('3D0C4372'),	0),
(344,	1,	'2019-02-14 22:37:25',	UNHEX('3D0C4372'),	0),
(345,	1,	'2019-02-15 00:10:29',	UNHEX('3D0C4372'),	0),
(346,	1,	'2019-02-15 15:13:55',	UNHEX('6AD27931'),	0),
(347,	1,	'2019-02-15 15:17:03',	UNHEX('3D0C4372'),	0),
(348,	1,	'2019-02-15 15:50:39',	UNHEX('3D0C4372'),	0),
(349,	1,	'2019-02-15 15:55:09',	UNHEX('3D0C4372'),	0),
(350,	1,	'2019-02-15 16:36:21',	UNHEX('3D0C4372'),	0),
(351,	1,	'2019-02-15 17:11:11',	UNHEX('3D0C4372'),	0),
(352,	1,	'2019-02-15 18:10:08',	UNHEX('3D0C4372'),	0),
(353,	1,	'2019-02-15 18:12:05',	UNHEX('3D0C4372'),	0),
(354,	1,	'2019-02-15 19:37:42',	UNHEX('3D0C4372'),	0),
(355,	1,	'2019-02-15 22:45:18',	UNHEX('3D0C4372'),	0),
(356,	1,	'2019-02-16 00:19:34',	UNHEX('3D0C4372'),	0),
(357,	1,	'2019-02-16 15:50:18',	UNHEX('3D0C4372'),	0),
(358,	1,	'2019-02-16 15:56:10',	UNHEX('3D0C4372'),	0),
(359,	1,	'2019-02-16 16:19:18',	UNHEX('3D0C4372'),	0),
(360,	1,	'2019-02-16 17:16:40',	UNHEX('3D0C4372'),	0),
(361,	1,	'2019-02-16 17:17:23',	UNHEX('3D0C4372'),	0),
(362,	1,	'2019-02-16 17:20:55',	UNHEX('3D0C4372'),	0),
(363,	1,	'2019-02-16 17:30:53',	UNHEX('3D0C4372'),	0),
(364,	1,	'2019-02-18 15:27:47',	UNHEX('3D0C4372'),	0),
(365,	1,	'2019-02-18 17:56:08',	UNHEX('3D0C4372'),	0),
(366,	1,	'2019-02-18 18:10:19',	UNHEX('3D0C4372'),	0),
(367,	1,	'2019-02-18 21:51:53',	UNHEX('3D0C4372'),	0),
(368,	1,	'2019-02-18 23:32:38',	UNHEX('3D0C4372'),	0),
(369,	1,	'2019-02-19 00:07:18',	UNHEX('3D0C4372'),	0),
(370,	1,	'2019-02-19 15:47:54',	UNHEX('3D0C4372'),	0),
(371,	1,	'2019-02-19 17:07:49',	UNHEX('3D0C4372'),	0),
(372,	1,	'2019-02-19 17:37:51',	UNHEX('3D0C4372'),	0),
(373,	1,	'2019-02-20 17:25:01',	UNHEX('3D0C4372'),	0),
(374,	1,	'2019-02-20 20:03:43',	UNHEX('3D0C4372'),	0),
(375,	1,	'2019-02-20 20:08:37',	UNHEX('3D0C4372'),	0),
(376,	1,	'2019-02-20 20:20:04',	UNHEX('3D0C4372'),	0),
(377,	1,	'2019-02-20 22:54:54',	UNHEX('3D0C4372'),	0),
(378,	1,	'2019-02-20 23:09:21',	UNHEX('3D0C4372'),	0),
(379,	1,	'2019-02-20 23:32:05',	UNHEX('3D0C4372'),	0),
(380,	1,	'2019-02-21 15:55:15',	UNHEX('3D0C4372'),	0),
(381,	1,	'2019-02-21 19:39:26',	UNHEX('3D0C4372'),	0),
(382,	1,	'2019-02-21 23:38:15',	UNHEX('3D0C4372'),	0),
(383,	1,	'2019-02-22 17:11:36',	UNHEX('3D0C4372'),	0),
(384,	1,	'2019-02-22 17:14:04',	UNHEX('3D0C4372'),	0),
(385,	3,	'2019-02-22 17:15:53',	UNHEX('3D0C4372'),	0),
(386,	2,	'2019-02-22 17:16:50',	UNHEX('3D0C4372'),	0),
(387,	1,	'2019-02-23 16:17:02',	UNHEX('3D0C4372'),	0),
(388,	1,	'2019-02-23 17:49:02',	UNHEX('3D0C4372'),	0),
(389,	7,	'2019-02-23 17:53:26',	UNHEX('3D0C4372'),	0),
(390,	1,	'2019-02-23 17:54:42',	UNHEX('3D0C4372'),	0),
(391,	7,	'2019-02-23 17:56:28',	UNHEX('3D0C4372'),	0),
(392,	1,	'2019-02-23 17:57:51',	UNHEX('3D0C4372'),	0),
(393,	7,	'2019-02-23 17:58:38',	UNHEX('3D0C4372'),	0),
(394,	7,	'2019-02-23 17:58:57',	UNHEX('3D0C4372'),	0),
(395,	1,	'2019-02-23 18:00:36',	UNHEX('3D0C4372'),	0),
(396,	1,	'2019-02-23 18:06:11',	UNHEX('3D0C4372'),	0),
(397,	1,	'2019-02-25 15:36:30',	UNHEX('3D0C4372'),	0),
(398,	1,	'2019-02-25 21:27:58',	UNHEX('3D0C4372'),	0),
(399,	7,	'2019-02-25 23:55:33',	UNHEX('3D0C4372'),	0),
(400,	1,	'2019-02-26 19:38:21',	UNHEX('3D0C4372'),	0),
(401,	1,	'2019-02-27 02:11:49',	UNHEX('DFE158EF'),	0),
(402,	1,	'2019-02-27 15:21:01',	UNHEX('3D0C4372'),	0),
(403,	1,	'2019-02-27 15:26:40',	UNHEX('3D0C4372'),	0),
(404,	1,	'2019-02-27 16:37:00',	UNHEX('3D0C4372'),	0),
(405,	1,	'2019-02-28 00:54:53',	UNHEX('3D0C4372'),	0),
(406,	1,	'2019-02-28 00:57:33',	UNHEX('3D0C4372'),	0),
(407,	1,	'2019-02-28 00:59:42',	UNHEX('3D0C4372'),	0),
(408,	1,	'2019-02-28 01:15:06',	UNHEX('3D0C4372'),	0),
(409,	1,	'2019-02-28 09:55:38',	UNHEX('3D0C4372'),	0),
(410,	1,	'2019-02-28 10:10:46',	UNHEX('3D0C4372'),	0),
(411,	1,	'2019-02-28 15:22:46',	UNHEX('3D0C4372'),	0),
(412,	1,	'2019-02-28 15:40:15',	UNHEX('3D0C4372'),	0),
(413,	1,	'2019-02-28 17:28:15',	UNHEX('3D0C4372'),	0),
(414,	1,	'2019-03-01 11:38:45',	UNHEX('3D0C4372'),	0),
(415,	1,	'2019-03-01 18:49:08',	UNHEX('3D0C4372'),	0),
(416,	7,	'2019-03-01 18:50:11',	UNHEX('3D0C4372'),	0),
(417,	7,	'2019-03-02 09:46:57',	UNHEX('3D0C4372'),	0),
(418,	7,	'2019-03-02 12:02:48',	UNHEX('CB72EB43'),	0),
(419,	1,	'2019-03-04 09:41:49',	UNHEX('3D0C4372'),	0),
(420,	1,	'2019-03-04 11:29:37',	UNHEX('3D0C4372'),	0),
(421,	1,	'2019-03-04 12:54:08',	UNHEX('3D0C4372'),	0),
(422,	1,	'2019-03-04 15:24:05',	UNHEX('3D0C4372'),	0),
(423,	1,	'2019-03-05 10:00:05',	UNHEX('3D0C4372'),	0),
(424,	1,	'2019-03-05 10:27:16',	UNHEX('3D0C4372'),	0),
(425,	1,	'2019-03-05 11:24:47',	UNHEX('3D0C4372'),	0),
(426,	7,	'2019-03-05 11:31:13',	UNHEX('3D0C4372'),	0),
(427,	7,	'2019-03-05 11:49:09',	UNHEX('3D0C4372'),	0),
(428,	1,	'2019-03-05 12:09:18',	UNHEX('3D0C4372'),	0),
(429,	1,	'2019-03-05 14:20:29',	UNHEX('3D0C4372'),	0),
(430,	1,	'2019-03-06 09:27:57',	UNHEX('3D0C4372'),	0),
(431,	1,	'2019-03-06 10:25:37',	UNHEX('3D0C4372'),	0),
(432,	7,	'2019-03-06 11:20:56',	UNHEX('3D0C4372'),	0),
(433,	1,	'2019-03-06 11:21:17',	UNHEX('3D0C4372'),	0),
(434,	7,	'2019-03-06 17:29:58',	UNHEX('010605C5'),	0),
(435,	1,	'2019-03-06 18:46:45',	UNHEX('3D0C4372'),	0),
(436,	1,	'2019-03-07 09:58:46',	UNHEX('3D0C4372'),	0),
(437,	7,	'2019-03-07 16:52:07',	UNHEX('3B919308'),	0),
(438,	1,	'2019-03-07 18:14:12',	UNHEX('3D0C4372'),	0),
(439,	1,	'2019-03-08 10:23:34',	UNHEX('3D0C4372'),	0),
(440,	1,	'2019-03-08 12:28:37',	UNHEX('3D0C4372'),	0),
(441,	1,	'2019-03-08 12:41:35',	UNHEX('3D0C4372'),	0),
(442,	1,	'2019-03-08 18:18:49',	UNHEX('3D0C4372'),	0),
(443,	1,	'2019-03-09 10:21:52',	UNHEX('3D0C4372'),	0),
(444,	1,	'2019-03-09 10:51:43',	UNHEX('3D0C4372'),	0),
(445,	1,	'2019-03-11 10:02:24',	UNHEX('3D0C4372'),	0),
(446,	1,	'2019-03-11 10:27:18',	UNHEX('3D0C4372'),	0),
(447,	1,	'2019-03-11 15:17:48',	UNHEX('3D0C4372'),	0),
(448,	1,	'2019-03-11 16:48:23',	UNHEX('3D0C4372'),	0),
(449,	1,	'2019-03-12 10:25:45',	UNHEX('3D0C4372'),	0),
(450,	1,	'2019-03-14 10:29:20',	UNHEX('3D0C4372'),	0),
(451,	1,	'2019-03-14 18:27:05',	UNHEX('3D0C4372'),	0),
(452,	1,	'2019-03-14 20:46:14',	UNHEX('6ADF69B3'),	0),
(453,	1,	'2019-03-15 10:48:32',	UNHEX('3D0C4372'),	0),
(454,	1,	'2019-03-15 12:27:34',	UNHEX('7360762C'),	0),
(455,	1,	'2019-03-15 18:09:18',	UNHEX('3D0C4372'),	0),
(456,	1,	'2019-03-16 11:12:12',	UNHEX('3D0C4372'),	0),
(457,	1,	'2019-03-18 10:52:25',	UNHEX('736076E6'),	0),
(458,	1,	'2019-03-18 16:38:14',	UNHEX('3D0C4372'),	0),
(459,	7,	'2019-03-19 13:23:59',	UNHEX('3B919308'),	0),
(460,	1,	'2019-03-19 14:19:27',	UNHEX('3D0C4372'),	0),
(461,	1,	'2019-03-21 07:32:18',	UNHEX('7561E5A9'),	0),
(462,	7,	'2019-03-21 11:43:42',	UNHEX('1B3D43F1'),	0),
(463,	1,	'2019-03-21 11:57:17',	UNHEX('1B3D43F1'),	0),
(464,	1,	'2019-03-22 12:07:48',	UNHEX('3D0C4372'),	0),
(465,	1,	'2019-03-22 14:11:29',	UNHEX('73607786'),	0),
(466,	1,	'2019-03-22 16:38:51',	UNHEX('73607786'),	0),
(467,	1,	'2019-03-25 13:05:25',	UNHEX('73607786'),	0),
(468,	1,	'2019-03-25 14:31:43',	UNHEX('3D0C4372'),	0),
(469,	7,	'2019-03-25 16:33:15',	UNHEX('3B919308'),	0),
(470,	1,	'2019-03-26 17:19:51',	UNHEX('3D0C4372'),	0),
(471,	1,	'2019-03-27 09:40:10',	UNHEX('3D0C4372'),	0),
(472,	1,	'2019-03-27 17:10:06',	UNHEX('73607786'),	0),
(473,	1,	'2019-03-27 17:58:03',	UNHEX('73607786'),	0),
(474,	1,	'2019-03-28 09:52:01',	UNHEX('3D0C4372'),	0),
(475,	1,	'2019-03-28 18:57:12',	UNHEX('7360763D'),	0),
(476,	1,	'2019-03-29 12:29:09',	UNHEX('3D0C4372'),	0),
(477,	1,	'2019-03-29 15:53:11',	UNHEX('7360763D'),	0),
(478,	1,	'2019-03-30 09:51:53',	UNHEX('3D0C4372'),	0),
(479,	7,	'2019-04-01 15:58:51',	UNHEX('010605C5'),	0),
(480,	1,	'2019-04-03 10:11:51',	UNHEX('3D0C4372'),	0),
(481,	1,	'2019-04-04 16:13:54',	UNHEX('3D0C4372'),	0),
(482,	1,	'2019-04-05 10:56:35',	UNHEX('3D0C4372'),	0),
(483,	1,	'2019-04-05 15:23:24',	UNHEX('3D0C4372'),	0),
(484,	1,	'2019-04-05 15:44:50',	UNHEX('3D0C4372'),	0),
(485,	1,	'2019-04-06 09:39:39',	UNHEX('3D0C4372'),	0),
(486,	1,	'2019-04-08 10:37:17',	UNHEX('3D0C4372'),	0),
(487,	1,	'2019-04-09 12:39:44',	UNHEX('3D0C4372'),	0),
(488,	1,	'2019-04-09 17:29:37',	UNHEX('7360763D'),	1),
(489,	1,	'2019-04-10 10:29:45',	UNHEX('7360763D'),	1),
(490,	1,	'2019-04-10 13:38:33',	UNHEX('3D0C4372'),	1),
(491,	1,	'2019-04-11 08:42:30',	UNHEX('6EE155F9'),	1),
(492,	1,	'2019-04-11 09:50:07',	UNHEX('3D0C4372'),	1),
(493,	1,	'2019-04-11 11:42:05',	UNHEX('7360763D'),	1),
(494,	1,	'2019-04-11 16:22:01',	UNHEX('7360763D'),	1),
(495,	1,	'2019-04-11 16:45:13',	UNHEX('3D0C4372'),	1),
(496,	1,	'2019-04-12 10:26:12',	UNHEX('7360763D'),	1),
(497,	1,	'2019-04-12 10:42:24',	UNHEX('3D0C4372'),	1),
(498,	1,	'2019-04-12 14:49:26',	UNHEX('3D0C4372'),	1),
(499,	1,	'2019-04-15 12:58:44',	UNHEX('7360763D'),	1),
(500,	1,	'2019-04-15 15:00:59',	UNHEX('7360763D'),	1),
(501,	1,	'2019-04-16 11:02:58',	UNHEX('7360763D'),	1),
(502,	1,	'2019-04-16 18:47:41',	UNHEX('3D0C4372'),	1),
(503,	1,	'2019-04-17 10:15:52',	UNHEX('7360763D'),	1),
(504,	1,	'2019-04-17 17:13:59',	UNHEX('7360763D'),	1),
(505,	1,	'2019-04-18 12:09:03',	UNHEX('7360763D'),	1),
(506,	1,	'2019-04-20 18:13:52',	UNHEX('6ADF66BC'),	1),
(507,	1,	'2019-04-22 10:16:15',	UNHEX('7360763D'),	1),
(508,	1,	'2019-04-22 18:57:27',	UNHEX('3D0C4372'),	1),
(509,	1,	'2019-04-22 23:47:06',	UNHEX('7360763D'),	1),
(510,	1,	'2019-04-23 20:19:37',	UNHEX('2BF2E207'),	1),
(511,	1,	'2019-04-24 12:39:04',	UNHEX('7360763D'),	1),
(512,	1,	'2019-04-24 16:42:14',	UNHEX('7360763D'),	1),
(513,	1,	'2019-04-25 11:52:40',	UNHEX('7360763D'),	1),
(514,	1,	'2019-04-26 10:33:10',	UNHEX('736075FA'),	1),
(515,	1,	'2019-04-26 20:54:47',	UNHEX('2BF2E22E'),	1),
(516,	1,	'2019-04-27 10:27:07',	UNHEX('3D0C4372'),	0),
(517,	1,	'2019-04-27 10:50:32',	UNHEX('2BF2E219'),	1),
(518,	1,	'2019-04-27 21:13:04',	UNHEX('2A6AFD33'),	1),
(519,	1,	'2019-04-27 21:16:32',	UNHEX('2A6AC4AA'),	1),
(520,	1,	'2019-04-28 12:59:15',	UNHEX('2A6AFED8'),	1),
(521,	1,	'2019-04-28 13:10:30',	UNHEX('2A6F0CDC'),	1),
(522,	1,	'2019-04-28 13:16:47',	UNHEX('2BF2E20C'),	1),
(523,	1,	'2019-04-29 13:02:17',	UNHEX('3D0C4372'),	1),
(524,	1,	'2019-04-29 13:20:56',	UNHEX('2BF2E206'),	1),
(525,	1,	'2019-04-29 15:45:15',	UNHEX('2A6B9F8C'),	1),
(526,	1,	'2019-04-30 16:52:16',	UNHEX('736075FA'),	1),
(527,	1,	'2019-04-30 17:33:25',	UNHEX('3D0C4372'),	1),
(528,	1,	'2019-04-30 17:41:39',	UNHEX('3D0C4372'),	1),
(529,	1,	'2019-04-30 18:05:07',	UNHEX('736075FA'),	1),
(530,	1,	'2019-05-01 10:53:22',	UNHEX('2BF2E203'),	1),
(531,	1,	'2019-05-02 11:34:51',	UNHEX('6EADB2B2'),	1),
(532,	1,	'2019-05-02 14:06:24',	UNHEX('6EADB2B2'),	1),
(533,	1,	'2019-05-02 14:08:35',	UNHEX('6EADB2B2'),	1),
(534,	1,	'2019-05-03 10:19:23',	UNHEX('6EADB2B2'),	1),
(535,	1,	'2019-05-04 13:48:00',	UNHEX('2BF2E226'),	1),
(536,	1,	'2019-05-06 13:33:57',	UNHEX('6EADB2B2'),	1),
(537,	1,	'2019-05-06 16:09:24',	UNHEX('6EADB2B2'),	1),
(538,	1,	'2019-05-07 16:29:24',	UNHEX('1B04585D'),	1),
(539,	1,	'2019-05-08 11:40:01',	UNHEX('3D0C4372'),	1),
(540,	1,	'2019-05-08 11:56:19',	UNHEX('1B04585D'),	0),
(541,	1,	'2019-05-08 12:23:25',	UNHEX('1B04585D'),	0),
(542,	1,	'2019-05-08 15:34:06',	UNHEX('A464F079'),	1),
(543,	1,	'2019-05-08 15:40:38',	UNHEX('3D0C4372'),	0),
(544,	1,	'2019-05-08 16:39:58',	UNHEX('1B04585D'),	1),
(545,	1,	'2019-05-08 21:40:43',	UNHEX('2BF2E218'),	1),
(546,	1,	'2019-05-08 21:45:01',	UNHEX('2A6B9D4B'),	1),
(547,	1,	'2019-05-09 11:37:02',	UNHEX('1B04585D'),	1),
(548,	1,	'2019-05-09 20:20:07',	UNHEX('2BF2E216'),	1),
(549,	1,	'2019-05-10 10:27:44',	UNHEX('1B04585D'),	1),
(550,	1,	'2019-05-10 17:49:06',	UNHEX('1B04585D'),	1),
(551,	1,	'2019-05-11 14:50:46',	UNHEX('2BF2E22E'),	1),
(552,	1,	'2019-05-13 14:52:36',	UNHEX('7360721E'),	1),
(553,	1,	'2019-05-14 10:16:46',	UNHEX('7360721E'),	1),
(554,	1,	'2019-05-15 10:30:24',	UNHEX('7360721E'),	1),
(555,	1,	'2019-05-16 16:01:58',	UNHEX('7360721E'),	1),
(556,	1,	'2019-05-17 11:09:45',	UNHEX('7360721E'),	1),
(557,	1,	'2019-05-17 17:28:30',	UNHEX('7360721E'),	1),
(558,	1,	'2019-05-17 17:39:02',	UNHEX('7360721E'),	1),
(559,	1,	'2019-05-17 18:22:46',	UNHEX('2A6B8DFB'),	1),
(560,	1,	'2019-05-20 15:06:44',	UNHEX('7360721E'),	1),
(561,	1,	'2019-05-20 18:08:33',	UNHEX('7360721E'),	1),
(562,	1,	'2019-05-20 22:24:09',	UNHEX('2BF2E213'),	1),
(563,	1,	'2019-05-21 10:38:46',	UNHEX('2A6B8E23'),	1),
(564,	1,	'2019-05-21 10:49:36',	UNHEX('3D0C4372'),	1),
(565,	1,	'2019-05-22 10:14:24',	UNHEX('1B045D56'),	1),
(566,	1,	'2019-05-22 15:42:24',	UNHEX('1B045D56'),	1),
(567,	1,	'2019-05-23 12:30:43',	UNHEX('1B045D56'),	1),
(568,	1,	'2019-05-23 14:58:14',	UNHEX('1B045D56'),	1),
(569,	1,	'2019-05-23 20:34:09',	UNHEX('2BF2E222'),	1),
(570,	1,	'2019-05-24 12:26:34',	UNHEX('1B045D56'),	1),
(571,	1,	'2019-05-27 12:57:04',	UNHEX('3D0C4372'),	1),
(572,	1,	'2019-05-27 18:06:47',	UNHEX('3D0C4372'),	1),
(573,	1,	'2019-05-28 00:33:37',	UNHEX('2BF2E224'),	1),
(574,	1,	'2019-05-28 10:22:19',	UNHEX('1B045D93'),	0),
(575,	1,	'2019-05-28 11:27:30',	UNHEX('1B045D93'),	1),
(576,	1,	'2019-05-28 20:27:13',	UNHEX('2BF2E215'),	1),
(577,	1,	'2019-05-29 14:00:50',	UNHEX('3D0C4372'),	1),
(578,	1,	'2019-05-29 20:46:00',	UNHEX('2BF2E212'),	1),
(579,	1,	'2019-05-29 22:41:23',	UNHEX('704F49AA'),	1),
(580,	1,	'2019-05-30 11:40:14',	UNHEX('744893AF'),	1),
(581,	1,	'2019-05-30 12:45:13',	UNHEX('744893AF'),	1),
(582,	1,	'2019-05-31 12:28:45',	UNHEX('744893AF'),	1),
(583,	1,	'2019-06-03 10:18:22',	UNHEX('744893AF'),	1),
(584,	1,	'2019-06-03 20:25:25',	UNHEX('2BF2E222'),	1),
(585,	1,	'2019-06-03 20:34:10',	UNHEX('2BF2E222'),	1),
(586,	1,	'2019-06-04 11:06:20',	UNHEX('3D0C4372'),	1),
(587,	1,	'2019-06-04 15:00:21',	UNHEX('744893AF'),	1),
(588,	1,	'2019-06-04 15:21:14',	UNHEX('744893AF'),	1),
(589,	1,	'2019-06-05 10:54:28',	UNHEX('2BF2E219'),	1),
(590,	1,	'2019-06-06 10:31:37',	UNHEX('3D0C4372'),	1),
(591,	1,	'2019-06-07 11:33:06',	UNHEX('3D0C4372'),	0),
(592,	1,	'2019-06-07 15:16:27',	UNHEX('3D0C4372'),	1),
(593,	1,	'2019-06-10 11:01:14',	UNHEX('1B045DDC'),	1),
(594,	1,	'2019-06-10 16:59:28',	UNHEX('3D0C4372'),	1),
(595,	1,	'2019-06-11 14:42:27',	UNHEX('1B045DDC'),	1),
(596,	1,	'2019-06-11 14:54:14',	UNHEX('3D0C4372'),	1),
(597,	1,	'2019-06-11 15:19:35',	UNHEX('3D0C4372'),	1),
(598,	1,	'2019-06-11 16:10:59',	UNHEX('3D0C4372'),	1),
(599,	1,	'2019-06-11 17:40:51',	UNHEX('3D0C4372'),	1),
(600,	1,	'2019-06-12 10:28:00',	UNHEX('3D0C4372'),	1),
(601,	1,	'2019-06-12 10:50:04',	UNHEX('1B045DDC'),	1),
(602,	1,	'2019-06-13 09:57:02',	UNHEX('1B045DDC'),	1),
(603,	7,	'2019-06-13 11:19:15',	UNHEX('010605C5'),	0),
(604,	1,	'2019-06-13 20:34:00',	UNHEX('2BF2E207'),	1),
(605,	1,	'2019-06-14 10:21:18',	UNHEX('1B045FD6'),	1),
(606,	1,	'2019-06-14 14:37:12',	UNHEX('1B045FD6'),	1),
(607,	1,	'2019-06-14 15:39:56',	UNHEX('1B045FD6'),	1),
(608,	1,	'2019-06-14 18:42:34',	UNHEX('1B045FD6'),	1),
(609,	1,	'2019-06-17 11:01:41',	UNHEX('1B045FBF'),	1),
(610,	1,	'2019-06-17 11:03:10',	UNHEX('3D0C4372'),	1),
(611,	1,	'2019-06-17 17:31:49',	UNHEX('1B045FBF'),	1),
(612,	1,	'2019-06-18 10:53:13',	UNHEX('C6104A2D'),	1),
(613,	1,	'2019-06-18 15:02:02',	UNHEX('C6104A2D'),	1),
(614,	1,	'2019-06-18 17:39:57',	UNHEX('1B045FBF'),	1),
(615,	1,	'2019-06-19 12:00:35',	UNHEX('3D0C4372'),	1),
(616,	7,	'2019-06-19 13:35:57',	UNHEX('010605C5'),	1),
(617,	1,	'2019-06-19 18:01:09',	UNHEX('1B045FBF'),	1),
(618,	1,	'2019-06-19 20:41:31',	UNHEX('2BF2E208'),	1),
(619,	1,	'2019-06-20 11:28:07',	UNHEX('1B045FBF'),	1),
(620,	1,	'2019-06-21 15:49:16',	UNHEX('B23E5979'),	1),
(621,	1,	'2019-06-21 17:18:23',	UNHEX('1B045FBF'),	1),
(622,	1,	'2019-06-22 18:53:31',	UNHEX('2BF2E226'),	1),
(623,	1,	'2019-06-24 10:23:58',	UNHEX('1B045FBF'),	1),
(624,	1,	'2019-06-24 16:26:31',	UNHEX('1B045FBF'),	1),
(625,	1,	'2019-06-25 10:03:13',	UNHEX('1B045FBF'),	1),
(626,	1,	'2019-06-25 10:59:42',	UNHEX('3D0C4372'),	1),
(627,	1,	'2019-06-25 12:11:39',	UNHEX('1B045FBF'),	1),
(628,	1,	'2019-06-25 12:48:39',	UNHEX('B23E2252'),	0),
(629,	1,	'2019-06-25 19:51:07',	UNHEX('2BF2E210'),	1),
(630,	1,	'2019-06-26 10:34:28',	UNHEX('1B045FBF'),	1),
(631,	1,	'2019-06-26 15:43:45',	UNHEX('3D0C4372'),	1),
(632,	1,	'2019-07-01 14:38:30',	UNHEX('7F000001'),	0),
(633,	1,	'2019-07-01 15:42:15',	UNHEX('7F000001'),	1),
(634,	1,	'2019-07-10 18:02:45',	UNHEX('7F000001'),	0),
(635,	1,	'2019-07-10 23:19:54',	UNHEX('C0A8963E'),	0),
(636,	1,	'2019-07-10 23:21:44',	UNHEX('C0A8963E'),	1);

DROP TABLE IF EXISTS `articles`;
CREATE TABLE `articles` (
  `id` bigint(20) NOT NULL AUTO_INCREMENT,
  `user_id` int(11) NOT NULL,
  `title` text COLLATE utf8_general_mysql500_ci NOT NULL,
  `slug` text COLLATE utf8_general_mysql500_ci,
  `excerpt` text COLLATE utf8_general_mysql500_ci,
  `content` longtext COLLATE utf8_general_mysql500_ci NOT NULL,
  `meta_title` varchar(250) COLLATE utf8_general_mysql500_ci DEFAULT NULL,
  `meta_keywords` text COLLATE utf8_general_mysql500_ci,
  `meta_description` text COLLATE utf8_general_mysql500_ci,
  `cloud_tags` longtext COLLATE utf8_general_mysql500_ci NOT NULL,
  `url` text COLLATE utf8_general_mysql500_ci,
  `header_image` varchar(250) COLLATE utf8_general_mysql500_ci DEFAULT NULL,
  `sort_order` int(11) DEFAULT '0',
  `status` tinyint(1) NOT NULL DEFAULT '1',
  `created_at` timestamp NULL DEFAULT NULL,
  `modified_at` timestamp NULL DEFAULT NULL,
  PRIMARY KEY (`id`)
) ENGINE=MyISAM DEFAULT CHARSET=utf8 COLLATE=utf8_general_mysql500_ci;

INSERT INTO `articles` (`id`, `user_id`, `title`, `slug`, `excerpt`, `content`, `meta_title`, `meta_keywords`, `meta_description`, `cloud_tags`, `url`, `header_image`, `sort_order`, `status`, `created_at`, `modified_at`) VALUES
(1,	1,	'Terms & Condition',	NULL,	'',	'<p>Coming soon...</p>\r\n',	'',	'',	'',	'',	NULL,	'',	0,	1,	'2019-07-10 23:59:29',	'2019-07-11 00:00:07'),
(2,	1,	'Privacy Policy',	NULL,	'',	'<p>Coming soon..</p>\r\n',	'',	'',	'',	'',	NULL,	'',	0,	1,	'2019-07-11 00:00:52',	NULL),
(3,	1,	'Copyright Policy',	NULL,	'',	'<p>Coming soon...</p>\r\n',	'',	'',	'',	'',	NULL,	'',	0,	1,	'2019-07-11 00:01:42',	NULL),
(4,	1,	'Hyperlink Policy',	NULL,	'',	'<p>Coming Soon....</p>\r\n',	'',	'',	'',	'',	NULL,	'',	0,	1,	'2019-07-11 00:02:13',	NULL),
(5,	1,	'Accessibility',	NULL,	'',	'<p>Coming Soon....</p>\r\n',	'',	'',	'',	'',	NULL,	'',	0,	1,	'2019-07-11 00:02:37',	NULL),
(6,	1,	'Disclaimer',	NULL,	'',	'<p>Coming Soon...</p>\r\n',	'',	'',	'',	'',	NULL,	'',	0,	1,	'2019-07-11 00:03:30',	NULL),
(7,	1,	'Sitemap',	NULL,	'',	'<p>Coming Soon...</p>\r\n',	'',	'',	'',	'',	NULL,	'',	0,	1,	'2019-07-11 00:06:56',	NULL);

DROP TABLE IF EXISTS `article_images`;
CREATE TABLE `article_images` (
  `id` int(10) unsigned NOT NULL AUTO_INCREMENT,
  `article_id` bigint(20) DEFAULT '0',
  `user_id` bigint(20) unsigned NOT NULL,
  `filename` varchar(255) NOT NULL,
  `filemime` varchar(100) NOT NULL,
  `filesize` bigint(20) NOT NULL,
  `weight` int(11) DEFAULT '0',
  `description` varchar(250) DEFAULT NULL,
  `status` tinyint(1) DEFAULT '0',
  `created` int(11) NOT NULL,
  `changed` int(11) NOT NULL,
  PRIMARY KEY (`id`),
  KEY `article_id` (`article_id`),
  KEY `changed` (`changed`),
  KEY `status` (`status`),
  KEY `user_id` (`user_id`)
) ENGINE=InnoDB DEFAULT CHARSET=latin1;


DROP TABLE IF EXISTS `article_links`;
CREATE TABLE `article_links` (
  `id` bigint(20) unsigned NOT NULL AUTO_INCREMENT,
  `article_id` bigint(20) NOT NULL,
  `link_type` varchar(250) DEFAULT NULL,
  `object_id` int(11) DEFAULT NULL,
  `custom_link` varchar(255) DEFAULT NULL,
  `internal_link` varchar(255) DEFAULT NULL,
  `link_title` varchar(255) DEFAULT NULL,
  `redirection` varchar(250) NOT NULL,
  `sort_order` int(11) NOT NULL DEFAULT '0',
  `created` datetime NOT NULL,
  `updated` timestamp NOT NULL DEFAULT CURRENT_TIMESTAMP,
  PRIMARY KEY (`id`),
  KEY `article_id` (`article_id`)
) ENGINE=InnoDB DEFAULT CHARSET=latin1;

INSERT INTO `article_links` (`id`, `article_id`, `link_type`, `object_id`, `custom_link`, `internal_link`, `link_title`, `redirection`, `sort_order`, `created`, `updated`) VALUES
(1,	1,	'custom',	NULL,	'',	'',	'',	'self',	0,	'2019-07-10 23:59:30',	'2019-07-10 18:29:30'),
(2,	2,	'custom',	NULL,	'',	'',	'',	'self',	0,	'2019-07-11 00:00:52',	'2019-07-10 18:30:52'),
(3,	3,	'custom',	NULL,	'',	'',	'',	'self',	0,	'2019-07-11 00:01:42',	'2019-07-10 18:31:42'),
(4,	4,	'custom',	NULL,	'',	'',	'',	'self',	0,	'2019-07-11 00:02:13',	'2019-07-10 18:32:13'),
(5,	5,	'custom',	NULL,	'',	'',	'',	'self',	0,	'2019-07-11 00:02:37',	'2019-07-10 18:32:37'),
(6,	6,	'custom',	NULL,	'',	'',	'',	'self',	0,	'2019-07-11 00:03:30',	'2019-07-10 18:33:30'),
(7,	7,	'custom',	NULL,	'',	'',	'',	'self',	0,	'2019-07-11 00:06:56',	'2019-07-10 18:36:56');

DROP TABLE IF EXISTS `article_translations`;
CREATE TABLE `article_translations` (
  `id` bigint(20) NOT NULL AUTO_INCREMENT,
  `article_id` int(11) NOT NULL,
  `language_id` int(11) NOT NULL,
  `culture` varchar(10) COLLATE utf8_general_mysql500_ci NOT NULL,
  `title` text COLLATE utf8_general_mysql500_ci,
  `slug` text COLLATE utf8_general_mysql500_ci,
  `excerpt` text COLLATE utf8_general_mysql500_ci,
  `content` longtext COLLATE utf8_general_mysql500_ci,
  `url` text COLLATE utf8_general_mysql500_ci,
  PRIMARY KEY (`id`)
) ENGINE=MyISAM DEFAULT CHARSET=utf8 COLLATE=utf8_general_mysql500_ci;

INSERT INTO `article_translations` (`id`, `article_id`, `language_id`, `culture`, `title`, `slug`, `excerpt`, `content`, `url`) VALUES
(1,	1,	2,	'hi',	'',	NULL,	'',	'',	''),
(2,	2,	2,	'hi',	'',	NULL,	'',	'',	''),
(3,	3,	2,	'hi',	'',	NULL,	'',	'',	''),
(4,	4,	2,	'hi',	'',	NULL,	'',	'',	''),
(5,	5,	2,	'hi',	'',	NULL,	'',	'',	''),
(6,	6,	2,	'hi',	'',	NULL,	'',	'',	''),
(7,	7,	2,	'hi',	'',	NULL,	'',	'',	'');

DROP TABLE IF EXISTS `auditrail`;
CREATE TABLE `auditrail` (
  `id` int(11) NOT NULL AUTO_INCREMENT,
  `user_id` int(11) NOT NULL,
  `ip_address` varchar(200) NOT NULL,
  `user_type` varchar(200) NOT NULL,
  `action` varchar(200) NOT NULL,
  `controller` varchar(200) NOT NULL,
  `module` varchar(200) DEFAULT NULL,
  `created` timestamp NOT NULL DEFAULT CURRENT_TIMESTAMP,
  PRIMARY KEY (`id`)
) ENGINE=InnoDB DEFAULT CHARSET=utf8;


DROP TABLE IF EXISTS `banners`;
CREATE TABLE `banners` (
  `id` int(11) NOT NULL AUTO_INCREMENT,
  `title` varchar(250) NOT NULL,
  `banner_category_id` int(11) NOT NULL,
  `excerpt` text NOT NULL,
  `banner_type` enum('image','video') NOT NULL,
  `banner_image` varchar(250) DEFAULT NULL,
  `banner_video` text,
  `status` int(11) NOT NULL DEFAULT '0' COMMENT '0=>Unpublish,1=>Publish,2=>Draft,3=>Review editor,4=>Review manager',
  `user_id` int(11) NOT NULL,
  `created` datetime NOT NULL,
  `updated` timestamp NOT NULL DEFAULT CURRENT_TIMESTAMP,
  PRIMARY KEY (`id`),
  KEY `banners_ibfk_1` (`user_id`),
  CONSTRAINT `banners_ibfk_1` FOREIGN KEY (`user_id`) REFERENCES `users` (`id`) ON DELETE NO ACTION ON UPDATE NO ACTION
) ENGINE=InnoDB DEFAULT CHARSET=latin1;

INSERT INTO `banners` (`id`, `title`, `banner_category_id`, `excerpt`, `banner_type`, `banner_image`, `banner_video`, `status`, `user_id`, `created`, `updated`) VALUES
(1,	'Home Page Banner',	1,	'Home Page Banner',	'image',	'Startup_haryana_Banner.jpg',	NULL,	1,	1,	'2019-07-08 20:11:46',	'2019-07-08 14:41:46');

DROP TABLE IF EXISTS `banner_categories`;
CREATE TABLE `banner_categories` (
  `id` int(11) NOT NULL AUTO_INCREMENT,
  `name` varchar(250) NOT NULL,
  `status` tinyint(1) NOT NULL DEFAULT '1',
  `created` timestamp NOT NULL DEFAULT CURRENT_TIMESTAMP,
  PRIMARY KEY (`id`)
) ENGINE=InnoDB DEFAULT CHARSET=latin1;

INSERT INTO `banner_categories` (`id`, `name`, `status`, `created`) VALUES
(1,	'Home',	1,	'2018-11-23 06:54:11'),
(2,	'Posts',	1,	'2018-11-23 06:54:11');

DROP TABLE IF EXISTS `change_password_logs`;
CREATE TABLE `change_password_logs` (
  `id` int(11) NOT NULL AUTO_INCREMENT,
  `user_id` int(11) NOT NULL,
  `ip_address` varbinary(16) NOT NULL,
  `password` varchar(250) NOT NULL,
  `change_time` datetime NOT NULL,
  PRIMARY KEY (`id`)
) ENGINE=InnoDB DEFAULT CHARSET=utf8;

INSERT INTO `change_password_logs` (`id`, `user_id`, `ip_address`, `password`, `change_time`) VALUES
(1,	1,	UNHEX('3D0C4372'),	'$2y$10$B9qa6FkC4iM4kkLATr40u.dNXMeWLptC67x0Y7Uk0/RcS0Ft2dKrC',	'2019-03-15 06:31:43'),
(2,	2,	UNHEX('3D0C4372'),	'$2y$10$B9qa6FkC4iM4kkLATr40u.dNXMeWLptC67x0Y7Uk0/RcS0Ft2dKrC',	'2019-03-15 06:32:08'),
(3,	3,	UNHEX('3D0C4372'),	'$2y$10$B9qa6FkC4iM4kkLATr40u.dNXMeWLptC67x0Y7Uk0/RcS0Ft2dKrC',	'2019-03-15 06:32:39'),
(4,	4,	UNHEX('3D0C4372'),	'$2y$10$B9qa6FkC4iM4kkLATr40u.dNXMeWLptC67x0Y7Uk0/RcS0Ft2dKrC',	'2019-03-15 06:33:01'),
(5,	5,	UNHEX('3D0C4372'),	'$2y$10$B9qa6FkC4iM4kkLATr40u.dNXMeWLptC67x0Y7Uk0/RcS0Ft2dKrC',	'2019-03-15 06:34:11'),
(6,	6,	UNHEX('3D0C4372'),	'$2y$10$uVq7LIBysJDse.4ESmbpPewIO7f6OPa2SZZwSi3wWWWFkCioZ.uIC',	'2019-03-15 06:34:43'),
(7,	7,	UNHEX('3D0C4372'),	'$2y$10$x8y6Wqpc3CMCX5a9KIs0beFLBJXitGgFNQi1FoqdRd6Z1Xdho5zgu',	'2019-03-15 06:35:01');

DROP TABLE IF EXISTS `cities`;
CREATE TABLE `cities` (
  `id` int(11) NOT NULL AUTO_INCREMENT,
  `name` varchar(250) NOT NULL,
  `code` varchar(11) DEFAULT NULL,
  `district_id` int(11) NOT NULL,
  `pincode` int(10) NOT NULL,
  `status` tinyint(1) NOT NULL DEFAULT '1',
  `created` timestamp NOT NULL DEFAULT CURRENT_TIMESTAMP,
  PRIMARY KEY (`id`)
) ENGINE=InnoDB DEFAULT CHARSET=latin1;


DROP TABLE IF EXISTS `complaints`;
CREATE TABLE `complaints` (
  `id` bigint(20) unsigned NOT NULL AUTO_INCREMENT,
  `reference_number` varchar(100) DEFAULT NULL,
  `full_name` varchar(255) NOT NULL,
  `company_name` varchar(255) NOT NULL,
  `address` tinytext NOT NULL,
  `city` varchar(255) NOT NULL,
  `state` varchar(255) NOT NULL,
  `country` varchar(100) NOT NULL,
  `pincode` varchar(100) NOT NULL,
  `fixed_line_number` varchar(255) NOT NULL,
  `mobile_number` varchar(100) NOT NULL,
  `email_id` varchar(100) NOT NULL,
  `subject` varchar(255) NOT NULL,
  `comments` text NOT NULL,
  `created` datetime NOT NULL,
  `updated` timestamp NOT NULL DEFAULT CURRENT_TIMESTAMP ON UPDATE CURRENT_TIMESTAMP,
  PRIMARY KEY (`id`)
) ENGINE=InnoDB DEFAULT CHARSET=utf8;

INSERT INTO `complaints` (`id`, `reference_number`, `full_name`, `company_name`, `address`, `city`, `state`, `country`, `pincode`, `fixed_line_number`, `mobile_number`, `email_id`, `subject`, `comments`, `created`, `updated`) VALUES
(1,	NULL,	'Nilesh',	'Silver touch',	'Delhi',	'Delhi',	'Delhi',	'India',	'110014',	'54545433',	'9984479213',	'nileshkumar.kushvaha@silvertouch.com',	'test mail',	'Grievance Form',	'2019-01-31 19:37:08',	'2019-01-31 14:07:08'),
(2,	NULL,	'AVINASH KUMAR GANDHI',	'CSC VLE',	'SIMRI BAKHTIYARPUR',	'SAHARSA',	'BIHAR',	'INDIA',	'852127',	'06475222940',	'9304640662',	'ak3278@gmail.com',	'portal udyamimitra',	'(1) Req/0720189799	K/2018/Oct/0006386,(2)Req/0720180031	K/2018/Nov/0006766,(3)Req/0920187252	T/2018/Nov/0001682,(4)Req/1120184529	K/2018/Nov/0006631,(5)Req/1120184531	K/2018/Nov/0006725,(6)Req/1120186256	K/2018/Dec/0007511\r\nHELP SIR JEE',	'2019-02-05 20:24:11',	'2019-02-05 14:54:11'),
(3,	NULL,	'Rohit Chopra',	'V.R. Smart Solution',	'vrsolutionsrs@gmail.com',	'Sirsa',	'Haryana',	'India',	'125055',	'8307787001',	'9050808518',	'vrsolutionsrs@gmail.com',	'Inquirty Against Certified Credit Counsulor for Application Against CCC/1220180217 ',	'Please Look Into this Matter',	'2019-02-07 11:27:25',	'2019-02-07 05:57:25'),
(4,	NULL,	'gin hangzo',	'ffrrry rrff',	'ffggr fdfettf',	'dddef',	'maharashtra',	'india',	'400703',	'02267221487',	'9833864951',	'hangzo@sidbi.in',	'test test test',	'ddleo ddle',	'2019-02-08 12:04:47',	'2019-02-08 06:34:47'),
(5,	NULL,	'ram',	'sidbi',	'2222',	'Mumbai',	'maharashtra',	'India',	'400703',	'022-67531100',	'8469732764',	'rameshk@sidbi.in',	'aaaaa',	'aaaaa',	'2019-02-12 16:32:44',	'2019-02-12 11:02:44'),
(6,	NULL,	'Rohit Chopra',	'Rohit Chopra',	'House No 02/132\r\nGali Charjro Wali Rori Bazar Sirsa',	'Sirsa',	'HARYANA',	'India',	'125055',	'9050808518',	'8307787001',	'vrsolutionsrs@gmail.com',	'Query on CCC Application',	'I have Submit Application on Udyamitra website for credit Counsullor and there is no such response to contact me \r\nPlease Look into my  application as resolve as soon as possible\r\n\r\n\r\nRohit Chopra \r\nApplication No. CCC/1220180217\r\nContact No. +91 90508 08518\r\n                    +91 83077 87001  ',	'2019-02-14 10:49:34',	'2019-02-14 05:19:34'),
(7,	NULL,	'Rohit Chopra',	'Rohit Chopra',	'House No 02/132\r\nGali Charjro Wali Rori Bazar Sirsa',	'Sirsa',	'HARYANA',	'india',	'125055',	'9050808518',	'8307787001',	'vrsolutionsrs@gmail.com',	'Query on CCC Application',	'I have Submit Application on Udyamitra website for credit Counsullor and there is no such response to contact me \r\nPlease Look into my  application as resolve as soon as possible\r\n\r\n\r\nRohit Chopra \r\nApplication No. CCC/1220180217\r\nContact No. +91 90508 08518\r\n                    +91 83077 87001  ',	'2019-02-14 10:54:21',	'2019-02-14 05:24:21'),
(8,	NULL,	'KAPIL GUNJE',	'CINODA TECHNOLOGIES OPC PRIVATE LTD',	'101,SADAFULLY B BEHIND SANGAM PRESS NEAR KARISHMA BUILDING KOTHRUD',	'Pune',	'MAHARASHTRA',	'India',	'411038',	'8390908790',	'8390908790',	'cinoda1800@gmail.com',	'UNABLE TO ACCESS  THE SIDBI FUND OF FUND WEBLINK ON THE START  UP INDIA WEBSITE ',	'WE ARE START UP APPROVED BY DIPP , WE WERE LOOKING FOR DETAILS OF VENTURE FUNDS FOR GROWTH OF OUR START UP , BUT UNABLE TO  ACCESS  THE SIDBI FUND OF FUND WEBLINK ON THE START  UP INDIA WEBSITE ',	'2019-02-18 21:05:28',	'2019-02-18 15:35:28'),
(9,	NULL,	'KAPIL GUNJE',	'CINODA TECHNOLOGIES OPC PRIVATE LTD',	'101,SADAFULLY B BEHIND SANGAM PRESS NEAR KARISHMA BUILDING KOTHRUD',	'Pune',	'MAHARASHTRA',	'India',	'411038',	'8390908790',	'8390908790',	'cinoda1800@gmail.com',	'UNABLE TO ACCESS  THE SIDBI FUND OF FUND WEBLINK ON THE START  UP INDIA WEBSITE ',	'WE ARE START UP APPROVED BY DIPP , WE WERE LOOKING FOR DETAILS OF VENTURE FUNDS FOR GROWTH OF OUR START UP , BUT UNABLE TO  ACCESS  THE SIDBI FUND OF FUND WEBLINK ON THE START  UP INDIA WEBSITE ',	'2019-02-18 21:05:42',	'2019-02-18 15:35:42'),
(10,	NULL,	'KAPIL GUNJE',	'CINODA TECHNOLOGIES OPC PRIVATE LTD',	'101,SADAFULLY B BEHIND SANGAM PRESS NEAR KARISHMA BUILDING KOTHRUD',	'Pune',	'MAHARASHTRA',	'India',	'411038',	'8390908790',	'8390908790',	'cinoda1800@gmail.com',	'UNABLE TO ACCESS  THE SIDBI FUND OF FUND WEBLINK ON THE START  UP INDIA WEBSITE ',	'WE ARE START UP APPROVED BY DIPP , WE WERE LOOKING FOR DETAILS OF VENTURE FUNDS FOR GROWTH OF OUR START UP , BUT UNABLE TO  ACCESS  THE SIDBI FUND OF FUND WEBLINK ON THE START  UP INDIA WEBSITE ',	'2019-02-18 21:06:22',	'2019-02-18 15:36:22'),
(11,	NULL,	'KAPIL GUNJE',	'CINODA TECHNOLOGIES OPC PRIVATE LTD',	'101,SADAFULLY B BEHIND SANGAM PRESS NEAR KARISHMA BUILDING KOTHRUD',	'Pune',	'MAHARASHTRA',	'India',	'411038',	'8390908790',	'8390908790',	'cinoda1800@gmail.com',	'UNABLE TO ACCESS  THE SIDBI FUND OF FUND WEBLINK ON THE START  UP INDIA WEBSITE ',	'WE ARE START UP APPROVED BY DIPP , WE WERE LOOKING FOR DETAILS OF VENTURE FUNDS FOR GROWTH OF OUR START UP , BUT UNABLE TO  ACCESS  THE SIDBI FUND OF FUND WEBLINK ON THE START  UP INDIA WEBSITE ',	'2019-02-18 21:06:59',	'2019-02-18 15:37:00'),
(12,	NULL,	'KAPIL GUNJE',	'CINODA TECHNOLOGIES  PRIVATE LTD',	'101,SADAFULLY B BEHIND SANGAM PRESS NEAR KARISHMA BUILDING KOTHRUD',	'Pune',	'MAHARASHTRA',	'India',	'411038',	'8390908790',	'8390908790',	'cinoda1800@gmail.com',	'UNABLE TO ACCESS  THE SIDBI FUND OF FUND WEBLINK ON THE START  UP INDIA WEBSITE ',	'WE ARE START UP APPROVED BY DIPP , WE WERE LOOKING FOR DETAILS OF VENTURE FUNDS FOR GROWTH OF OUR START UP , BUT UNABLE TO  ACCESS  THE SIDBI FUND OF FUND WEBLINK ON THE START  UP INDIA WEBSITE ',	'2019-02-18 21:07:53',	'2019-02-18 15:37:53'),
(13,	NULL,	'kailash Chanddr Sharma',	'kailash Chander Sharma',	'A634/5 Dilbag Nagar Ext.120 Ft. Road Adj. Vjay Sampla MP Jalandhar City',	'jalandhar City',	'Punjab',	'india',	'144002',	'applied for CCC registration  but status atill dont know appliaction is ccc/0520180020',	'9815229231',	'kcs634@rediffmail.com',	'status of CCC registration',	'no support on email',	'2019-02-21 19:33:04',	'2019-02-21 14:03:05'),
(14,	NULL,	'Savan mehta',	'Nilkanth Enterprsie',	'A 33 india colony  main road bopal',	'Ahmedabad',	'Gujarat ',	'India',	'380058',	'02717233360',	'8511704094',	'savamehta27091993@gmail.com',	'MSME unit',	'I have a problem in my MSME unit and moreover i have also emailed your ahmedabad office',	'2019-03-06 13:43:26',	'2019-03-06 08:13:26'),
(15,	NULL,	'Kantilal Sorathia',	'Bharat Precision Industries',	'249 250 GIDC Phase II Dared Jamnagar 361004',	'Jamnagar',	'Gujarat',	'India',	'361004',	'02882730130',	'9723451492',	'export@bharatprecision.com',	'Refund of Processing Fees ',	'We have communicate with SIDBI Rajkot Branch since last three months for term loan but they took almost more than expected time and not realized disbursement during the timeline They have not told us earlier to come at Rajkot for making sign in documentation procedure and taken processing fees in advance and now they are denied to refund the processing fees we explained the reason that we want to cancel the PF as you have not disburse the amount within timeline when it was required to us we are really not happy with the service of Mr Yashwant Kulkarni and the way he talk with their customers we need your answer on or before 10th March with your action taken against SIDBI Rajkot Branch',	'2019-03-07 11:25:01',	'2019-03-07 05:55:01'),
(16,	NULL,	'Kantilal Sorathia',	'Bharat Precision Industries',	'249 250 GIDC Phase II Dared Jamnagar 361004',	'Jamnagar',	'Gujarat',	'India',	'361004',	'02882730130',	'9723451492',	'export@bharatprecision.com',	'Refund of Processing Fees ',	'We have communicate with SIDBI Rajkot Branch since last three months for term loan but they took almost more than expected time and not realized disbursement during the timeline They have not told us earlier to come at Rajkot for making sign in documentation procedure and taken processing fees in advance and now they are denied to refund the processing fees we explained the reason that we want to cancel the PF as you have not disburse the amount within timeline when it was required to us we are really not happy with the service of Mr Yashwant Kulkarni and the way he talk with their customers we need your answer on or before 10th March with your action taken against SIDBI Rajkot Branch',	'2019-03-07 11:25:26',	'2019-03-07 05:55:26'),
(17,	NULL,	'vishnu baldwa',	'nile paper converters',	'bhilwara',	'bhilwara',	'Rajasthan',	'India',	'311001',	'9928477777',	'9928477777',	'vishubaldwa@gmail.com',	'PMEGP',	'branch refuse for loan',	'2019-03-07 14:08:25',	'2019-03-07 08:38:25'),
(18,	NULL,	'Anayatullah Khan',	'Silvertouch',	'T29 Okhla New Delhi',	'New Delhi',	'Delhi',	'India',	'110025',	'12345678',	'9990134567',	'anayat.ullakhan@gmail.com',	'Test Message',	'Test Message',	'2019-03-11 15:12:06',	'2019-03-11 09:42:06'),
(19,	NULL,	'Nilesh',	'GTU university',	'Ambawadi  ',	'North Delhi',	'Delhi',	'gffg',	'895623',	'32323232322',	'2147483647',	'nileshkumar.kushvaha@silvertouch.com',	'Test',	'GRIEVANCE FORM',	'2019-03-11 15:46:19',	'2019-03-11 10:16:19'),
(20,	NULL,	'Nilesh',	'GTU university',	'Ambawadi  ',	'North Delhi',	'Delhi',	'gffg',	'895623',	'32323232322',	'2147483647',	'nileshkumar.kushvaha@silvertouch.com',	'Test',	'GRIEVANCE FORM',	'2019-03-11 15:47:09',	'2019-03-11 10:17:09'),
(21,	NULL,	'Soham Nag',	'Test Company',	'Mumbai',	'Mumbai',	'Maharashtra',	'India',	'400703',	'02267531527',	'7768062262',	'sohamnag@gmail.com',	'Test Mail',	'Test Mail',	'2019-03-12 14:37:35',	'2019-03-12 09:07:35'),
(22,	NULL,	'Nilesh',	'GTU university',	'address',	'22829',	'Gujarat',	'Silver Touch',	'895623',	'233434343434',	'8956231470',	'nileshkumar.kushvaha@silvertouch.com',	'Test mail',	'Test',	'2019-03-12 18:39:42',	'2019-03-12 13:09:42'),
(23,	NULL,	'Amit Sharma',	'V S Solutions',	'Rehabari Guwahati',	'Guwahati',	'Assam',	'INDIA',	'781008',	'919990501009',	'9990501009',	'getamit25@gmail.com',	'MSME Loan for New Entity',	'I recently visited SIDBI guwahati branch regarding a loan for a Food Processing unit promoted by a Women Entrepreneur and met Mr Girindra Brahma branch Incharge  \r\n\r\nI was told that Assam branch specifically has a dictate to not offer loan to new entity which is against the basic guidelines of SIDBI to help new MSME unit in India and North East region More so when the unit is promoted by a first generation women entrepreneur and in food processing which is the basic necessity for north east region right now and in line with look east policy\r\n\r\nIt is also against CGTMSE which was a brain child of SIDBI and Govt of India \r\n\r\nI fail to understand how an individual branch of SIDBI can take such a call against the basic principles of SIDBI I asked it specifically if their was any guidelines on the same and I was told we have taken internal decision on the same\r\n\r\nI would like to understand if any such guidelines has been issued for the same and under what circumstances can a branch take such decision which is against the basic principle of SIDBI',	'2019-03-15 12:25:02',	'2019-03-15 06:55:02'),
(24,	NULL,	'Soham Nag',	'AAA C',	'Mumbai',	'Mumbai',	'Maharashtra',	'India',	'400703',	'02267531527',	'7768062262',	'sohamnag@sidbi.in',	'test mail',	'test mail',	'2019-03-15 14:33:35',	'2019-03-15 09:03:35'),
(25,	NULL,	'Soham Nag',	'AAABDA',	'MUMBAI',	'MUMBAI',	'MAHARASHTRA',	'INDIA',	'400703',	'02267531527',	'7768062262',	'sohamnag@sidbi.in',	'TEST GRIE',	'TEST GRIE',	'2019-03-15 15:10:42',	'2019-03-15 09:40:42'),
(26,	NULL,	'Name of Journal',	'GTU university',	'address',	'North Delhi',	'Delhi',	'gffg',	'895623',	'55555555555',	'2147483647',	'nileshkumar.kushvaha@silvertouch.com',	'Testyy',	'asssssdsd',	'2019-03-15 15:24:00',	'2019-03-15 09:54:00'),
(27,	'SIDBI/G/2019/03/15/000027',	'Name of Journal',	'GTU university',	'address',	'North Delhi',	'Delhi',	'gffg',	'895623',	'55555555555',	'2147483647',	'nileshkumar.kushvaha@silvertouch.com',	'Testyy',	'asssssdsd',	'2019-03-15 15:25:28',	'2019-03-15 09:55:29'),
(28,	'SIDBI/G/2019/03/15/000028',	'Name of Journal',	'GTU university',	'address',	'North Delhi',	'Delhi',	'gffg',	'895623',	'55555555555',	'2147483647',	'nileshkumar.kushvaha@silvertouch.com',	'Testyy',	'asssssdsd',	'2019-03-15 15:28:47',	'2019-03-15 09:58:47'),
(29,	'SIDBI/G/2019/03/15/000029',	'Name of Journal',	'GTU university',	'address',	'North Delhi',	'Delhi',	'gffg',	'895623',	'55555555555',	'2147483647',	'nileshkumar.kushvaha@silvertouch.com',	'Testyy',	'asssssdsd',	'2019-03-15 15:32:20',	'2019-03-15 10:02:20'),
(30,	'SIDBI/G/2019/03/15/000030',	'Soham Nag',	'AAABDAD',	'Mumbai',	'Mumbai',	'Maharashtra',	'India',	'400703',	'02267531527',	'7768062262',	'sohamnag@sidbi.in',	'test mail 7',	'test 7',	'2019-03-15 15:50:47',	'2019-03-15 10:20:48'),
(31,	'SIDBI/G/2019/03/24/000031',	'Chetan Gothi',	'Gothi Infra',	'Bhopal',	'Bhopal',	'MADHYA PRADESH',	'INDIA',	'462039',	'07552421219',	'9425039669',	'chetan.gothi@gmail.com',	'COMPLAINTS AND GRIEVANCE REDRESSAL',	'PLEASE SHARE DETAILS WHERE CAN CUSTOMER CAN REGISTER THEIR COMPLAINTS AGAINST THE BRANCH OFFICE AND ALSO SHARE DETAILS OF CUSTOMER SERVICE COMMITTEES',	'2019-03-24 21:36:14',	'2019-03-24 16:06:14'),
(32,	'SIDBI/G/2019/03/26/000032',	'Sathish kuppusamy',	'VJ Tech',	'bangalore',	'bangalore',	'karnataka',	'india',	'560099',	'9841382042',	'9841382042',	'sathishgk2004@gmail.com',	'Loan for Investment new project and expansion',	'we are planned to investment fifty crs for new plant in bangalore under KIDB whether we can able to get subsized loan for construction and new project  also if we registered with MSME whether we can able to get any additional benefit',	'2019-03-26 16:55:54',	'2019-03-26 11:25:54'),
(33,	'SIDBI/G/2019/04/02/000033',	'SAMPAT NAHATA',	'NAHATA INC',	'26 SHARANAM ESTATE 4\r\nNEAR IOC PETROL PUMP\r\nOPP ASHIMA MILL KHOKHRA',	'Ahmedabad',	'Gujarat',	'India',	'380021',	'07922932778',	'9974010415',	'sampatnahata@yahoo.com',	'REQUIRED DOCUMENT SUBMITTED TO OTXC  IN 2012 AND CORRECTION DATA FILED IN 2013 DETAILS  ON SIDBI LETTER HEAD ',	'MANY TIME EMAIL TO SIDBI STILL NO RESPONSE atleast reply me on mail how much time it will take',	'2019-04-02 16:32:42',	'2019-04-02 11:02:42'),
(34,	'SIDBI/G/2019/04/03/000034',	'Ginsuanmung Hangzo',	'ffrrry rrff',	'Mumbai',	'Mumbai',	'Maharashtra',	'India',	'400703',	'02267221487',	'9402132649',	'gshangzo@gmail.com',	'test test test',	'test test test',	'2019-04-03 12:46:59',	'2019-04-03 07:16:59'),
(35,	'SIDBI/G/2019/04/03/000035',	'Ginsuanmung Hangzo',	'sidbi',	'Mumbai',	'Mumbai',	'Maharashtra',	'India',	'400703',	'02267221487',	'4444555555',	'gshangzo@gmail.com',	'test test test',	'test test test',	'2019-04-03 22:18:57',	'2019-04-03 16:48:58'),
(36,	'SIDBI/G/2019/04/04/000036',	'Ginsuanmung Hangzo',	'sidbi',	'Mumbai',	'Mumbai',	'Maharashtra',	'India',	'400703',	'02267221487',	'7777777777',	'gshangzo@gmail.com',	'test test test',	'test test test',	'2019-04-04 12:38:00',	'2019-04-04 07:08:01'),
(37,	'SIDBI/G/2019/04/07/000037',	'AMEETKUMAR AGARWAL',	'SYMETRIX ELEVATORS',	'Mumbai',	'MUMBAI',	'MAHARASHTRA',	'iNDIA',	'400080',	'9821935781',	'9930009204',	'ak@symetrix.in',	'Clcss Subsidy money held by Yes Bank from 6 months ',	'clcss Subsidy money held by Yes Bank from 6 months ',	'2019-04-07 13:49:20',	'2019-04-07 08:19:20'),
(38,	'SIDBI/G/2019/04/08/000038',	'ARIVOLI SUDAR B',	'ARIV INFOTECH SOLUTIONS PVT LTD',	'3 440 GROUND FLOOR ALLUR MAIN ROAD SETHIYATHOPE',	'CUDDALORE',	'TAMIL NADU',	'INDIA',	'608702',	'04142266603',	'6260249765',	'info@arivinfotech.com',	'70 LACS LOAN UNDER CGTMSE SCHEME',	'LOAN UNDER CGTMSE SCHEME  COMPANY INCORPORATED ON 7 SEPTEMBER 2018 UNDER STARTUP MSME SMALL INDUSTRIES NOW WE HAVE 40 LAKHS ORDER IN HAND TO EXECUTE BUT DONT HAVE ENOUGH FUND FOR EXECUTION REQUEST YOUR KIND CONSIDERATION EVERY BANK WE APPROACH ASKING FOR ',	'2019-04-08 14:47:03',	'2019-04-08 09:17:03'),
(39,	'SIDBI/G/2019/04/09/000039',	'ASHISH AGRAWAL',	'CHANDRA ENGINEERS',	'MAIN ROAD',	'RAJGANGPUR',	'ORISSA',	'INDIA',	'770017',	'06624220103',	'9438715544',	'chandraengineers@gmail.com',	'Due Diligence Monitoring charges',	'Due Diligence  Monitoring charges was charged to us on Demand Advice for due date as 10 April 2019 his charges where not taken ever and also was not mentioned in our loan contract Kindly look into this matter and wave of the this amount',	'2019-04-09 09:21:29',	'2019-04-09 03:51:30'),
(40,	'SIDBI/G/2019/04/11/000040',	'Jitendar Goel',	'Shree Radhe Hygiene Products Pvt Ltd',	'Nigdi',	'Pune',	'Maharashtra',	'India',	'411044',	'27640302',	'9970034343',	'goel@srh.ind.in',	'Non receipt of No Dues Certificate',	'We have been following up with the Pune office for No Dues Certificate as our loan has been repaid long back',	'2019-04-11 13:50:41',	'2019-04-11 08:20:42'),
(41,	'SIDBI/G/2019/04/22/000041',	'HARVEEN GILL',	'AMERICAN SILAGE CO',	' JALANDHAR',	'JALANDHAR',	'PUNJAB',	'INDIA',	'144801',	'9781020055',	'9781020055',	'americansilage@gmail.com',	'SIDBI Office near BMC Chowk Jalandhar City shut down and phone not approachable ',	'Apply for 59 minutes loan for new Venture Send new Office in Jalandhar contact details',	'2019-04-22 13:03:07',	'2019-04-22 07:33:07'),
(42,	'SIDBI/G/2019/04/23/000042',	'Vallabbhbhai B Vaghasiya',	'Pooja Textile',	'403 takshashila apt varachha rd',	'surat',	'Gujarat',	'India',	'395006',	'9099787238',	'9825295783',	'paresh4575@yahoo.co.in',	'regding Teq Up Subsidy',	'Regarding Central gov Teq Up subsidy followup',	'2019-04-23 16:23:39',	'2019-04-23 10:53:40'),
(43,	'SIDBI/G/2019/04/23/000043',	'Vallabbhbhai B Vaghasiya',	'Pooja Textile',	'403 takshashila apt varachha rd',	'surat',	'Gujarat',	'India',	'395006',	'9099787238',	'9825295783',	'paresh4575@yahoo.co.in',	'regding Teq Up Subsidy',	'Regarding Central gov Teq Up subsidy followup',	'2019-04-23 16:23:40',	'2019-04-23 10:53:40'),
(44,	'SIDBI/G/2019/04/27/000044',	'PAYAL JAISWAL',	'organic fertilizer industrial technology',	'WARD 7 TULSIPUR\r\nSEORAHI',	'TAMKUHI ROAD',	'Uttar Pradesh',	'India',	'274406',	'05512334899',	'7880307770',	'ofitindia18@gmail.com',	'NON ACCEPTANCE OF LOAN APPLICATION',	'THE PREFFERED BANK BRANCH IS NOT ACCEPTING OUR LOAN APPLICATION PROPOSAL FOR MSME UNIT ESTABLISHMENT FOR FURTHER PROCEEDINGS',	'2019-04-27 17:25:09',	'2019-04-27 11:55:09'),
(45,	'SIDBI/G/2019/05/07/000045',	'MAYUR SANKHLA',	'SANKHLA FOODS PVT LTD',	'SHED NO 5 SHREERAM INDUSTRIAL ESTATE TATHAWADE',	'PUNE',	'MAHARASHTRA',	'INDIA',	'411033',	'27702231',	'9321928424',	'mayur.sankhla@stmichaelbreads.com',	'DOUBLE GST CHARGE ON CGTSME FEE',	'Pune branch has charged double gst on cgtsme fee payable',	'2019-05-07 16:08:13',	'2019-05-07 10:38:14'),
(46,	'SIDBI/G/2019/05/11/000046',	'Dilipbhai Dobariya',	'Sun Fashion',	'133 mahavir society nr gajera circle amroli rd surat',	'surat',	'Gujarat',	'India',	'395004',	'02612559099',	'9825295783',	'dilip@lukhi.in',	'Teq Up  Subsidy Regqring Inquiry',	'Regarding Central goverment Teq Up Subsidy Folloup ',	'2019-05-11 14:27:55',	'2019-05-11 08:57:56'),
(47,	'SIDBI/G/2019/05/11/000047',	'SANJAYBHBAI  B NAVAPARA',	'RADHE FASHION',	'104 PARAM HANS SOCIETY AMBA TALAVADI KATARGAM',	'SURAT',	'GUJARAT',	'INDIA',	'395004',	'02612559099',	'9879811952',	'sanjay@lukhi.in',	'REGARDING TEQ UP SUBSIDY',	'Regarding Central gov Tequp subsidy folloup',	'2019-05-11 14:33:57',	'2019-05-11 09:03:57'),
(48,	'SIDBI/G/2019/05/11/000048',	'AMITBHAI D KATHROTIYA',	'DEV TRENDZ',	'289 TO 290  LAXMI NAGAR SOC TRIKAM NAGAR BOMBAY MKT SURAT',	'SURAT',	'GUJARAT',	'INDIA',	'395010',	'02612559099',	'9375431763',	'devtrendz@lukhi.in',	'REGARDING TEQ UP SUBSIDY',	'Regarding Central gov Teq up subsidy Followup ',	'2019-05-11 14:43:49',	'2019-05-11 09:13:49'),
(49,	'SIDBI/G/2019/05/11/000049',	'SHAMJIBHAI M LAKHANI',	'RADHE CREATION',	'SHED NO P79 3RD FLOOR OLD GIDC NR DIAMOND INSTITUTE KATARGAM',	'SURAT',	'GUJARAT',	'India',	'395004',	'02612559099',	'9428139438',	'shamji@lukhi.in',	'REGARDING TEQ UP SUBSIDY',	'Regarding central Gov Teq Up subsidy Folloup',	'2019-05-11 14:50:25',	'2019-05-11 09:20:25'),
(50,	'SIDBI/G/2019/05/11/000050',	'KALUBHAI MANUBHAI THESIYA',	'ARYA FASHION',	'B 26 YOGI NAGAR 2 NR YOGI CHOWK PUNAGAM SURAT',	'SURAT',	'GUJARAT',	'INDIA',	'395006',	'02612559099',	'9913655642',	'arya@lukhi.in',	'REGARDING TEQ UP SUBSIDY',	'Regarding Central gov Tequp Subsidy Followup',	'2019-05-11 14:56:26',	'2019-05-11 09:26:26'),
(51,	'SIDBI/G/2019/06/04/000051',	'A V SANTHOSHI KUMARI',	'ARVO ELECTRODES PVT LTD ',	'C 81 RTC COLONY MADHURAWADA',	'Vishakhapatnam',	'ANDHRA PRADESH',	'India',	'530048',	'08912550149',	'8897966675',	'VINAYAKASANTHOSHI@GMAIL.COM',	'9 months After completion of legal and all activities in loan application rejected without reason ',	'We approach bank on 5th day november 2018 for welding electrodes manufacturing unit in Visakhapatnam we received loan application on 9th day november 2018 from that day loan process is under progress After completion of legal and valuation all loan related activities completed on 06th day May 2019 From that our application is in pending on 04th day June 2019 manager was said that loan application is not processing from SIDBI Side we need reasons for rejection ',	'2019-06-04 14:02:20',	'2019-06-04 08:32:20'),
(52,	'SIDBI/G/2019/06/10/000052',	'Hiteshbhai P Ghetiya',	'Evershine Techno',	'4  by 10  corner Samarat ind Area Bh ST work shop Gondal Road ',	'rajkot',	'Gujarat',	'India',	'360002',	'9879154454',	'9879154454',	'evershinetechnorajkot@gmail.com',	'Non Receipt of Fund Under TEQUP Subsidy',	'We have applied for TEQUP subsidy under Govt Scheme Cell circular no 15 2016 17 with central bank of India bhaktinagar branch and as per discussion with the bank at present we have been sanctioned subsidy under TEQUP but fund released has not been received by our unit for the reason that the banker forgot to submit end use certificate at the time of claiming subsidy with SIDBI       on such knowledge the Central Bank of Inida Bhaktinagar branch and their nodel branch has forward the relevant missing document at Subsidy cell of SIDBI but we have still not received any response to our subsidy under TEQUP       we request SIDBI to please look into the process as to release of our subsidy being sanctioned at your end but pending for release due to administrative issue ',	'2019-06-10 19:55:54',	'2019-06-10 14:25:54'),
(53,	'SIDBI/G/2019/06/12/000053',	'SHAILESHKUMAR K NAROLA',	'SHREE BUTBAHUCHAR TRENDZ',	'72 SRUSTI ROW HOUSE PART 3 AMROLI KOSAD ROAD SURAT',	'SURAT',	'GUJARAT',	'INDIA',	'394107',	'02614045645',	'9825748245',	'knpatel1672@gmail.com',	'Teq Up  Subsidy Regqring Inquiry',	'regding Teq Up Subsidy',	'2019-06-12 12:19:35',	'2019-06-12 06:49:35'),
(54,	'SIDBI/G/2019/06/17/000054',	'Jai Prakash Yadav',	'Metal Dyne Auto Parts Pvt Ltd',	'Plot No 224  Sector 3 IMT Bawal',	'Rewari',	'Haryana',	'India',	'123501',	'01284264020',	'9991374164',	'metaldyneauto@gmail.com',	'SIDBI Loan No D00011GE',	'Subsidy Not Received From SIDBI Regarding Loan No D00011GE',	'2019-06-17 11:16:05',	'2019-06-17 05:46:05'),
(55,	'SIDBI/G/2019/06/17/000055',	'HIRALBEN B BHALANI',	'DHRUV TEX',	'B 604 SARTHI COMPLEX NEAR HIRABAUG VARACHHA',	'SURAT',	'GUJARAT',	'INDIA',	'395006',	'02612546711',	'9825748245',	'bnilesh8640@gmail.com',	'Inquiry regarding TEQUP Subsidy Application   ',	'Please give Status of my Apllication Firm name Dhruv Tex Pan no AMUPB4977F UAN GJ22B0063963 Adhar Card no 202016372028 Loan Sanction Dt 28 07 2016 Loan Sanction Amt 8700000 and 1800000 Loan Ac 501812080021895 and 501812080021428 City Union Bank Surat Ring Road Branch',	'2019-06-17 18:24:24',	'2019-06-17 12:54:24'),
(56,	'SIDBI/G/2019/06/17/000056',	'SHILPABEN N BHALANI',	'HET TEX',	'B 604 SARTHI COMPLEX NR HIRA BAUG',	'VARACHHA SURAT',	'GUJARAT',	'INDIA',	'395006',	'02612546711',	'9825748245',	'bnilesh8640@gmail.com',	'INQUIRY REGARDING TEQUP SUBSIDY APPLICATION ',	'Please give Status of my Apllication Firm name Het Tex Pan no AMUPB4977F Loan Sanction Dt 28 07 2016 Loan Ac 501812080021426 and 501812080021900 City Union Bank Surat Ring Road Branch',	'2019-06-17 18:42:22',	'2019-06-17 13:12:22'),
(57,	'SIDBI/G/2019/06/21/000057',	'Balasubramanian G N',	'Arwizon Digital P Ltd',	'3 VAV avenue RBI Layout JP Nagar 7 phase',	'Bangalore',	'Karnataka',	'India',	'560062',	'08041311511',	'9916940965',	'Bala@arwizon.com',	'Loan under CGTMSE scheme approved but not disbursed',	'canara bank Erode Branch refuses to disburse loan without collateral which is against the CGTMSE norms please help us get the money',	'2019-06-21 12:34:46',	'2019-06-21 07:04:46'),
(58,	'SIDBI/G/2019/06/23/000058',	'Medari Pullaiah',	'omsriumamalleswara bamboo plywood products',	'syam nagar street po NANDYAL  Kurnool Ap 518502',	'Nandyal',	'Andhra Pradesh',	'India',	'518502',	'1',	'9885236289',	'pullaiah.medari920@gmail.com',	'reply to loan application required',	'loan applicaion reply  ',	'2019-06-23 10:49:12',	'2019-06-23 05:19:12'),
(59,	'SIDBI/G/2019/06/24/000059',	'Rahul Rambhajani',	'Manasi Technoforge Pvt Ltd',	'Chakan Pune',	'pune',	'Maharashtra',	'India',	'410501',	'1',	'9673950475',	'rambhajani.rahul@gmail.com',	'Income Tax Service',	'Income Tax Service engagement',	'2019-06-24 10:33:41',	'2019-06-24 05:03:41'),
(60,	'SIDBI/G/2019/06/24/000060',	'dipal mansukhlal madlani',	'evermor foods',	'pratiksha 3 chitrakut society behind gidc sanala road ',	'morbi',	'gujarat',	'india',	'363641',	'8980033378',	'8980033378',	'dipal.madlani@gmail.com',	'Evermor Foods via Central Bank of India Morvi DIC Morbi CLSS and Central and Interest subsidy recovery',	'On different dates and time to time I did requested and reminders and posted and narrated and commented and complain and again complaint and RTI Act applications and informed and intimated to the credit manager and to the manager in charge into Central Bank of India Morvi branch by email and by registered postal and branch visit in person \r\n\r\nBut nobody taken care for the matter till today  \r\n\r\nEvermor Foods was closed and shut down by March or April 2018 even and after CLSS and central subsidy claimed by Central Bank of India Morvi branch and getting credited without my knowledge or without my consent or without informed to me or without confirmed with me even and after machines sold out before pre closed or foreclosed the central bank of india morvi branch loan by other partner Into Evermor Foods and I am as 25  percent partner or Ex Partner or without partner premises owner hereby once again request for recovery of all subsidy amount from Evermor Foods because claimed via Central Bank of India Morvi branch by DIC Morbi but CBI or DIC nobody checked about fact and nobody verified about actual matter under prejudice with partners or all did under sweet sight for malafide practice  \r\nI did appeal for recovery of subsidy amount since long but nobody taken care for the matter since inception into Central Bank of India and into DIC Morbi in Gujarat ',	'2019-06-24 14:05:19',	'2019-06-24 08:35:19'),
(61,	'SIDBI/G/2019/06/24/000061',	'SHAILESHKUMAR K NAROLA',	'SHREE BUT BAHUCHAR TRENDZ',	'72 SRUSTI ROW HOUSE PART 3 AMROLI KOSAD ROAD SURAT',	'SURAT',	'GUJARAT',	'INDIA',	'394107',	'02614045645',	'9825748245',	'venahcreation@gmail.com',	'INQUIRY REGARDING TEQUP SUBSIDY APPLICATION ',	'REGARDING TEQUP SUBSIDY',	'2019-06-24 18:47:03',	'2019-06-24 13:17:03'),
(62,	'SIDBI/G/2019/06/25/000062',	'Pravin Gupta',	'CredenTek Software and Consultancy Pvt Ltd',	'303 Pride Purple Accord',	'Pune',	'Maharashtra',	'INDIA',	'411045',	'9890633500',	'9890633500',	'pravin.gupta@credentek.com',	'Wrong AGF fees charged for my CGTMSE Limit through IDFC First Bank',	'Respected Sir\r\n\r\nMy complaint is about wrong fees charged in CGTMSE scheme offered by SIDBI to MSME organizations\r\n\r\n1 In Jun 2018 my organization availed CGTMSE limit of 1 Crore through IDFC First Bank Mumbai\r\n2 On 06 Mar 2019 CGTMSE AGF fees of Rs 106027 was charged even when there was no utilization of limit\r\n3 As per the RBI circular CGS 1 dated 21 Aug 18 second year AGF fees will be charged only on utilized limit \r\nHowever in my case AGF fees was charged on full limit amount\r\n4 When I approached IDFC First Bank I received unsatisfactory explanation\r\n\r\nAs per bank explanation\r\na If there is an utilization of limit AGF fees will be calculated on utilized amount\r\nb If no utilization of limit AGF fees will be charged on FULL limit amount \r\nThis is completely against RBI circular for fees calculation\r\n\r\nSir  how can SIDBI charge and penalize a MSME by applying AGF fees on full limit amount when limit utilization is zero\r\n',	'2019-06-25 17:57:18',	'2019-06-25 12:27:19'),
(63,	'SIDBI/G/2019/06/26/000063',	'Delila Boler',	'Delila Boler',	'www.bestws.net - Buy TWS-8 Wireless Mini Binaural Bluetooth Earphones In-ear Stereo Sports Earbuds, sale ends soon. Be inspired: enjoy affordable quality shopping at BestWS!\r\n<a href=\"https://www.bestws.net/\">I7Plus IPX7 Waterproof 3D Stereo Headset</a>',	'Palmers Island',	'NSW',	'Australia',	'gvhbd',	'(02) 6796 9640',	'(02) 6796 9640',	'boler.delila68@hotmail.com',	'TWS 8 BLUETOOTH 5.0 EAPHONE EARBUDS',	'www.bestws.net - Buy TWS-8 Wireless Mini Binaural Bluetooth Earphones In-ear Stereo Sports Earbuds, sale ends soon. Be inspired: enjoy affordable quality shopping at BestWS!\r\n<a href=\"https://www.bestws.net/\">Mini Bluetooth Sports Earbuds</a>',	'2019-06-26 05:35:12',	'2019-06-26 00:05:12'),
(64,	'SIDBI/G/2019/06/26/000064',	'VISHWAJEET ANAND',	'ANUKUM ENGINEERING PRIVATE LIMITED',	'near purani durga asthan mahna',	'Begusarai',	'BIHAR',	'India',	'851210',	'91',	'8447799546',	'vishwajeetanand13@gmail.com',	'Revolutionary Startup investment',	'Request you to please look towards our startup and provide help to get investments',	'2019-06-26 12:47:04',	'2019-06-26 07:17:04');

DROP TABLE IF EXISTS `departments`;
CREATE TABLE `departments` (
  `id` int(11) NOT NULL AUTO_INCREMENT,
  `name` varchar(255) NOT NULL,
  `status` tinyint(1) NOT NULL DEFAULT '1',
  `created` timestamp NOT NULL DEFAULT CURRENT_TIMESTAMP,
  PRIMARY KEY (`id`)
) ENGINE=InnoDB DEFAULT CHARSET=latin1;

INSERT INTO `departments` (`id`, `name`, `status`, `created`) VALUES
(1,	'Unskilled',	1,	'2018-01-22 19:44:37'),
(2,	'Semi-Skilled',	1,	'2018-01-22 19:44:58'),
(3,	'Skilled',	1,	'2018-01-22 19:45:16'),
(4,	'High-Skilled',	1,	'2018-01-22 19:45:31'),
(5,	'Other',	1,	'2018-01-22 19:45:51');

DROP TABLE IF EXISTS `designations`;
CREATE TABLE `designations` (
  `id` int(11) NOT NULL AUTO_INCREMENT,
  `department_id` int(11) NOT NULL,
  `name` varchar(255) NOT NULL,
  `status` tinyint(1) NOT NULL DEFAULT '1',
  `created` timestamp NOT NULL DEFAULT CURRENT_TIMESTAMP,
  PRIMARY KEY (`id`)
) ENGINE=InnoDB DEFAULT CHARSET=latin1;

INSERT INTO `designations` (`id`, `department_id`, `name`, `status`, `created`) VALUES
(1,	2,	'Trainee Engineer',	1,	'2018-01-22 19:46:51'),
(2,	2,	'Software Engineer',	1,	'2018-01-22 19:47:07'),
(3,	2,	'System Analyst',	1,	'2018-01-22 19:47:23'),
(4,	4,	'Account Manager',	1,	'2018-01-22 19:49:37'),
(5,	1,	'Architect',	1,	'2018-01-22 19:49:47'),
(6,	5,	'Technical Specialist ',	1,	'2018-01-22 19:50:04'),
(7,	1,	'Deliver Manager',	1,	'2018-01-22 19:50:15'),
(8,	1,	'Delivery Head',	1,	'2018-01-22 19:50:27'),
(9,	1,	'Delivery Partner',	1,	'2018-01-22 19:50:37'),
(10,	4,	'Project Lead',	1,	'2018-01-22 19:50:48'),
(11,	1,	'Program Manager',	1,	'2018-01-22 19:50:59');

DROP TABLE IF EXISTS `districts`;
CREATE TABLE `districts` (
  `id` int(11) unsigned NOT NULL AUTO_INCREMENT,
  `state_id` int(5) unsigned NOT NULL,
  `name` varchar(100) NOT NULL,
  `flag` tinyint(1) NOT NULL DEFAULT '1',
  PRIMARY KEY (`id`)
) ENGINE=InnoDB DEFAULT CHARSET=utf8;

INSERT INTO `districts` (`id`, `state_id`, `name`, `flag`) VALUES
(1,	1,	'North and Middle Andaman',	1),
(2,	1,	'Nicobar',	1),
(4,	2,	'Anantapur',	1),
(5,	2,	'Chittoor',	1),
(6,	2,	'Cuddapah (Dr.Y.S.Rajasekhara Reddy)',	1),
(7,	2,	'East Godavari',	1),
(8,	2,	'Guntur',	1),
(10,	2,	'Karimnagar',	1),
(11,	2,	'Khammam',	1),
(12,	2,	'Krishna',	1),
(13,	2,	'Kurnool',	1),
(14,	2,	'Mahabubnagar',	1),
(15,	2,	'Medak',	1),
(16,	2,	'Nalgonda',	1),
(17,	2,	'Nellore',	1),
(18,	2,	'Nizamabad',	1),
(19,	2,	'Prakasam',	1),
(21,	2,	'Srikakulam',	1),
(22,	2,	'Visakhapatnam',	1),
(23,	2,	'Vizianagaram',	1),
(24,	2,	'Warangal',	1),
(25,	2,	'West Godavari',	1),
(26,	3,	'Changlang',	1),
(27,	3,	'Lower Dibang Valley',	1),
(28,	3,	'East Kameng',	1),
(29,	3,	'East Siang',	1),
(30,	3,	'Lohit',	1),
(31,	3,	'Lower Subansiri',	1),
(32,	3,	'Papum Pare',	1),
(33,	3,	'Tawang',	1),
(34,	3,	'Tirap',	1),
(35,	3,	'Upper Siang',	1),
(36,	3,	'Upper Subansiri',	1),
(37,	3,	'West Kameng',	1),
(38,	3,	'West Siang',	1),
(39,	3,	'Dibang Valley',	1),
(40,	3,	'Kurung Kumey',	1),
(41,	4,	'Barpeta',	1),
(42,	4,	'Bongaigaon',	1),
(43,	4,	'Cachar',	1),
(44,	4,	'Darrang',	1),
(45,	4,	'Dhemaji',	1),
(46,	4,	'Dhubri',	1),
(47,	4,	'Dibrugarh',	1),
(48,	4,	'Goalpara',	1),
(49,	4,	'Golaghat',	1),
(50,	4,	'Hailakandi',	1),
(51,	4,	'Jorhat',	1),
(52,	4,	'Kamrup',	1),
(53,	4,	'Karbi Anglong',	1),
(54,	4,	'Karimganj',	1),
(55,	4,	'Kokrajhar',	1),
(56,	4,	'Lakhimpur',	1),
(57,	4,	'Morigaon',	1),
(58,	4,	'Nagaon',	1),
(59,	4,	'Nalbari',	1),
(60,	4,	'Dima Hasao (North Cachar Hills)',	1),
(61,	4,	'Sivasagar',	1),
(62,	4,	'Sonitpur',	1),
(63,	4,	'Tinsukia',	1),
(64,	5,	'Araria',	1),
(65,	5,	'Aurangabad',	1),
(66,	5,	'Banka',	1),
(67,	5,	'Begusarai',	1),
(68,	5,	'Bhagalpur',	1),
(69,	5,	'Bhojpur',	1),
(70,	5,	'Buxar',	1),
(71,	5,	'Darbhanga',	1),
(72,	5,	'Gaya',	1),
(73,	5,	'Gopalganj',	1),
(74,	5,	'Jamui',	1),
(75,	5,	'Jehanabad',	1),
(76,	5,	'Kaimur (Bhabua)',	1),
(77,	5,	'Katihar',	1),
(78,	5,	'Khagaria',	1),
(79,	5,	'Kishanganj',	1),
(80,	5,	'Lakhisarai',	1),
(81,	5,	'Madhepura',	1),
(82,	5,	'Madhubani',	1),
(83,	5,	'Munger (Monghyr)',	1),
(84,	5,	'Muzaffarpur',	1),
(85,	5,	'Nalanda',	1),
(86,	5,	'Nawada',	1),
(87,	5,	'West Champaran',	1),
(88,	5,	'Patna',	1),
(89,	5,	'East Champaran (Motihari)',	1),
(90,	5,	'Purnia (Purnea)',	1),
(91,	5,	'Rohtas',	1),
(92,	5,	'Saharsa',	1),
(93,	5,	'Samastipur',	1),
(94,	5,	'Saran',	1),
(95,	5,	'Sheikhpura',	1),
(96,	5,	'Sheohar',	1),
(97,	5,	'Sitamarhi',	1),
(98,	5,	'Siwan',	1),
(99,	5,	'Supaul',	1),
(100,	5,	'Vaishali',	1),
(101,	6,	'Bastar',	1),
(102,	6,	'Bilaspur',	1),
(103,	6,	'Dantewada (South Bastar)',	1),
(104,	6,	'Dhamtari',	1),
(105,	6,	'Durg',	1),
(106,	6,	'Janjgir-Champa',	1),
(107,	6,	'Jashpur',	1),
(108,	6,	'Kanker (North Bastar)',	1),
(109,	6,	'Kabirdham (Kawardha)',	1),
(110,	6,	'Korba',	1),
(111,	6,	'Korea (Koriya)',	1),
(112,	6,	'Mahasamund',	1),
(113,	6,	'Raigarh',	1),
(114,	6,	'Raipur',	1),
(115,	6,	'Rajnandgaon',	1),
(116,	6,	'Surguja',	1),
(117,	7,	'Chandigarh',	1),
(118,	8,	'Daman',	1),
(119,	8,	'Diu',	1),
(120,	9,	'Central Delhi',	1),
(121,	9,	'East Delhi',	1),
(122,	9,	'New Delhi',	1),
(123,	9,	'North Delhi',	1),
(124,	9,	'North East  Delhi',	1),
(125,	9,	'North West  Delhi',	1),
(126,	9,	'South Delhi',	1),
(127,	9,	'South West  Delhi',	1),
(128,	9,	'West Delhi',	1),
(129,	10,	'Dadra &amp; Nagar Haveli',	1),
(130,	11,	'North Goa',	1),
(131,	11,	'South Goa',	1),
(132,	12,	'Ahmedabad',	1),
(133,	12,	'Amreli',	1),
(134,	12,	'Anand',	1),
(135,	12,	'Banaskantha',	1),
(136,	12,	'Bharuch',	1),
(137,	12,	'Bhavnagar',	1),
(138,	12,	'Dahod',	1),
(139,	12,	'Gandhinagar',	1),
(140,	12,	'Jamnagar',	1),
(141,	12,	'Junagadh',	1),
(142,	12,	'Kachchh',	1),
(143,	12,	'Kheda',	1),
(144,	12,	'Mehsana',	1),
(145,	12,	'Narmada',	1),
(146,	12,	'Navsari',	1),
(147,	12,	'Panchmahal',	1),
(148,	12,	'Patan',	1),
(149,	12,	'Porbandar',	1),
(150,	12,	'Rajkot',	1),
(151,	12,	'Sabarkantha',	1),
(152,	12,	'Surat',	1),
(153,	12,	'Surendranagar',	1),
(154,	12,	'Dangs',	1),
(155,	12,	'Vadodara',	1),
(156,	12,	'Valsad',	1),
(157,	13,	'Bilaspur',	1),
(158,	13,	'Chamba',	1),
(159,	13,	'Hamirpur',	1),
(160,	13,	'Kangra',	1),
(161,	13,	'Kinnaur',	1),
(162,	13,	'Kullu',	1),
(163,	13,	'Lahaul and Spiti',	1),
(164,	13,	'Mandi',	1),
(165,	13,	'Shimla',	1),
(166,	13,	'Sirmaur (Sirmour)',	1),
(167,	13,	'Solan',	1),
(168,	13,	'Una',	1),
(169,	14,	'Ambala',	1),
(170,	14,	'Bhiwani',	1),
(171,	14,	'Faridabad',	1),
(172,	14,	'Fatehabad',	1),
(173,	14,	'Gurgaon',	1),
(174,	14,	'Hisar',	1),
(175,	14,	'Jhajjar',	1),
(176,	14,	'Jind',	1),
(177,	14,	'Kaithal',	1),
(178,	14,	'Karnal',	1),
(179,	14,	'Kurukshetra',	1),
(180,	14,	'Mahendragarh',	1),
(181,	14,	'Panchkula',	1),
(182,	14,	'Panipat',	1),
(183,	14,	'Rewari',	1),
(184,	14,	'Rohtak',	1),
(185,	14,	'Sirsa',	1),
(186,	14,	'Sonipat',	1),
(187,	14,	'Yamunanagar',	1),
(188,	15,	'Bokaro',	1),
(189,	15,	'Chatra',	1),
(190,	15,	'Deoghar',	1),
(191,	15,	'Dhanbad',	1),
(192,	15,	'Dumka',	1),
(193,	15,	'Garhwa',	1),
(194,	15,	'Giridih',	1),
(195,	15,	'Godda',	1),
(196,	15,	'Gumla',	1),
(197,	15,	'Hazaribag',	1),
(198,	15,	'Koderma',	1),
(199,	15,	'Lohardaga',	1),
(200,	15,	'Pakur',	1),
(201,	15,	'Palamu',	1),
(202,	15,	'West Singhbhum',	1),
(203,	15,	'East Singhbhum',	1),
(204,	15,	'Ranchi',	1),
(205,	15,	'Sahibganj',	1),
(206,	15,	'Seraikela-Kharsawan',	0),
(207,	15,	'Jamtara',	1),
(208,	15,	'Latehar',	1),
(209,	15,	'Simdega',	1),
(210,	16,	'Anantnag',	1),
(211,	16,	'Budgam',	1),
(212,	16,	'Baramulla',	1),
(213,	16,	'Doda',	1),
(214,	16,	'Jammu',	1),
(215,	16,	'Kargil',	1),
(216,	16,	'Kathua',	1),
(217,	16,	'Kupwara',	1),
(218,	16,	'Leh',	1),
(219,	16,	'Pulwama',	1),
(220,	16,	'Poonch',	1),
(221,	16,	'Rajouri',	1),
(222,	16,	'Srinagar',	1),
(223,	16,	'Udhampur',	1),
(224,	18,	'Alappuzha',	1),
(225,	18,	'Ernakulam',	1),
(226,	18,	'Idukki',	1),
(227,	18,	'Kannur',	1),
(228,	18,	'Kasaragod',	1),
(229,	18,	'Kollam',	1),
(230,	18,	'Kottayam',	1),
(231,	18,	'Kozhikode',	1),
(232,	18,	'Malappuram',	1),
(233,	18,	'Palakkad',	1),
(234,	18,	'Pathanamthitta',	1),
(235,	18,	'Thiruvananthapuram',	1),
(236,	18,	'Thrissur',	1),
(237,	18,	'Wayanad',	1),
(238,	17,	'Bagalkot',	1),
(239,	17,	'Bangalore Urban',	1),
(240,	17,	'Bangalore Rural',	1),
(241,	17,	'Belgaum',	1),
(242,	17,	'Bellary',	1),
(243,	17,	'Bidar',	1),
(244,	17,	'Bijapur',	1),
(245,	17,	'Chamarajanagar',	1),
(246,	17,	'Chickmagalur',	1),
(247,	17,	'Chitradurga',	1),
(248,	17,	'Dakshina Kannada',	1),
(249,	17,	'Davangere',	1),
(250,	17,	'Dharwad',	1),
(251,	17,	'Gadag',	1),
(252,	17,	'Gulbarga',	1),
(253,	17,	'Hassan',	1),
(254,	17,	'Haveri',	1),
(255,	17,	'Kodagu',	1),
(256,	17,	'Kolar',	1),
(257,	17,	'Koppal',	1),
(258,	17,	'Mandya',	1),
(259,	17,	'Mysore',	1),
(260,	17,	'Raichur',	1),
(261,	17,	'Shimoga',	1),
(262,	17,	'Tumkur',	1),
(263,	17,	'Udupi',	1),
(264,	17,	'Uttara Kannada (Karwar)',	1),
(265,	19,	'Lakshadweep',	1),
(266,	21,	'East Garo Hills',	1),
(267,	21,	'East Khasi Hills',	1),
(268,	21,	'Jaintia Hills',	1),
(269,	21,	'Ri Bhoi',	1),
(270,	21,	'South Garo Hills',	1),
(271,	21,	'West Garo Hills',	1),
(272,	21,	'West Khasi Hills',	1),
(273,	24,	'Aizawl',	1),
(274,	24,	'Champhai',	1),
(275,	24,	'Kolasib',	1),
(276,	24,	'Lawngtlai',	1),
(277,	24,	'Lunglei',	1),
(278,	24,	'Mamit',	1),
(279,	24,	'Saiha',	1),
(280,	24,	'Serchhip',	1),
(281,	22,	'Bishnupur',	1),
(282,	22,	'Chandel',	1),
(283,	22,	'Churachandpur',	1),
(284,	22,	'Imphal East',	1),
(285,	22,	'Imphal West',	1),
(286,	22,	'Senapati',	1),
(287,	22,	'Tamenglong',	1),
(288,	22,	'Thoubal',	1),
(289,	22,	'Ukhrul',	1),
(290,	23,	'Balaghat',	1),
(291,	23,	'Barwani',	1),
(292,	23,	'Betul',	1),
(293,	23,	'Bhind',	1),
(294,	23,	'Bhopal',	1),
(295,	23,	'Chhatarpur',	1),
(296,	23,	'Chhindwara',	1),
(297,	23,	'Damoh',	1),
(298,	23,	'Datia',	1),
(299,	23,	'Dewas',	1),
(300,	23,	'Dhar',	1),
(301,	23,	'Dindori',	1),
(302,	23,	'Guna',	1),
(303,	23,	'Gwalior',	1),
(304,	23,	'Harda',	1),
(305,	23,	'Hoshangabad',	1),
(306,	23,	'Indore',	1),
(307,	23,	'Jabalpur',	1),
(308,	23,	'Jhabua',	1),
(309,	23,	'Katni',	1),
(310,	23,	'Mandla',	1),
(311,	23,	'Mandsaur',	1),
(312,	23,	'Morena',	1),
(313,	23,	'Narsinghpur',	1),
(314,	23,	'Neemuch',	1),
(315,	23,	'Panna',	1),
(316,	23,	'Raisen',	1),
(317,	23,	'Rajgarh',	1),
(318,	23,	'Ratlam',	1),
(319,	23,	'Rewa',	1),
(320,	23,	'Sagar',	1),
(321,	23,	'Satna',	1),
(322,	23,	'Sehore',	1),
(323,	23,	'Seoni',	1),
(324,	23,	'Shahdol',	1),
(325,	23,	'Shajapur',	1),
(326,	23,	'Sheopur',	1),
(327,	23,	'Shivpuri',	1),
(328,	23,	'Sidhi',	1),
(329,	23,	'Tikamgarh',	1),
(330,	23,	'Ujjain',	1),
(331,	23,	'Umaria',	1),
(332,	23,	'Vidisha',	1),
(333,	23,	'Khargone',	1),
(334,	23,	'Khandwa',	1),
(335,	23,	'Anuppur',	1),
(336,	23,	'Burhanpur',	1),
(337,	23,	'Ashoknagar',	1),
(338,	20,	'Ahmednagar',	1),
(339,	20,	'Akola',	1),
(340,	20,	'Amravati',	1),
(341,	20,	'Aurangabad',	1),
(342,	20,	'Bhandara',	1),
(343,	20,	'Beed',	1),
(344,	20,	'Buldhana',	1),
(345,	20,	'Chandrapur',	1),
(346,	20,	'Dhule',	1),
(347,	20,	'Gadchiroli',	1),
(348,	20,	'Gondia',	1),
(349,	20,	'Hingoli',	1),
(350,	20,	'Jalgaon',	1),
(351,	20,	'Jalna',	1),
(352,	20,	'Kolhapur',	1),
(353,	20,	'Latur',	1),
(354,	20,	'Mumbai City',	1),
(355,	20,	'Mumbai Suburban',	1),
(356,	20,	'Nagpur',	1),
(357,	0,	'Nanded',	1),
(358,	20,	'Nandurbar',	1),
(359,	20,	'Nashik',	1),
(360,	20,	'Osmanabad',	1),
(361,	20,	'Parbhani',	1),
(362,	20,	'Pune',	1),
(363,	20,	'Raigad',	1),
(364,	20,	'Ratnagiri',	1),
(365,	20,	'Sangli',	1),
(366,	20,	'Satara',	1),
(367,	20,	'Sindhudurg',	1),
(368,	20,	'Solapur',	1),
(369,	20,	'Thane',	1),
(370,	20,	'Wardha',	1),
(371,	20,	'Washim',	1),
(372,	20,	'Yavatmal',	1),
(373,	25,	'Dimapur',	1),
(374,	25,	'Kohima',	1),
(375,	25,	'Mokokchung',	1),
(376,	25,	'Mon',	1),
(377,	25,	'Phek',	1),
(378,	25,	'Tuensang',	1),
(379,	25,	'Wokha',	1),
(380,	25,	'Zunheboto',	1),
(381,	26,	'Angul',	1),
(382,	26,	'Balangir',	1),
(383,	26,	'Balasore',	1),
(384,	26,	'Bargarh',	1),
(385,	26,	'Boudh',	1),
(386,	26,	'Bhadrak',	1),
(387,	26,	'Cuttack',	1),
(388,	26,	'Deogarh',	1),
(389,	26,	'Dhenkanal',	1),
(390,	26,	'Gajapati',	1),
(391,	26,	'Ganjam',	1),
(392,	26,	'Jagatsinghapur',	1),
(393,	26,	'Jajpur',	1),
(394,	26,	'Jharsuguda',	1),
(395,	26,	'Kalahandi',	1),
(396,	26,	'Kandhamal',	1),
(397,	26,	'Kendrapara',	1),
(398,	26,	'Kendujhar (Keonjhar)',	1),
(399,	26,	'Khordha',	1),
(400,	26,	'Koraput',	1),
(401,	26,	'Malkangiri',	1),
(402,	26,	'Mayurbhanj',	1),
(403,	26,	'Nabarangpur',	1),
(404,	26,	'Nayagarh',	1),
(405,	26,	'Nuapada',	1),
(406,	26,	'Puri',	1),
(407,	26,	'Rayagada',	1),
(408,	26,	'Sambalpur',	1),
(409,	26,	'Sonepur',	1),
(410,	26,	'Sundargarh',	1),
(411,	28,	'Karaikal',	1),
(412,	28,	'Mahe',	1),
(413,	28,	'Pondicherry',	1),
(414,	28,	'Yanam',	1),
(415,	27,	'Amritsar',	1),
(416,	27,	'Bathinda',	1),
(417,	27,	'Faridkot',	1),
(418,	27,	'Fatehgarh Sahib',	1),
(419,	27,	'Ferozepur',	1),
(420,	27,	'Gurdaspur',	1),
(421,	27,	'Hoshiarpur',	1),
(422,	27,	'Jalandhar',	1),
(423,	27,	'Kapurthala',	1),
(424,	27,	'Ludhiana',	1),
(425,	27,	'Mansa',	1),
(426,	27,	'Moga',	1),
(427,	27,	'Muktsar',	1),
(428,	27,	'Nawanshahr (Shahid Bhagat Singh Nagar)',	1),
(429,	27,	'Patiala',	1),
(430,	27,	'Rupnagar',	1),
(431,	27,	'Sangrur',	1),
(432,	29,	'Ajmer',	1),
(433,	29,	'Alwar',	1),
(434,	29,	'Banswara',	1),
(435,	29,	'Baran',	1),
(436,	29,	'Barmer',	1),
(437,	29,	'Bharatpur',	1),
(438,	29,	'Bhilwara',	1),
(439,	29,	'Bikaner',	1),
(440,	29,	'Bundi',	1),
(441,	29,	'Chittorgarh',	1),
(442,	29,	'Churu',	1),
(443,	29,	'Dausa',	1),
(444,	29,	'Dholpur',	1),
(445,	29,	'Dungarpur',	1),
(446,	29,	'Sri Ganganagar',	1),
(447,	29,	'Hanumangarh',	1),
(448,	29,	'Jaipur',	1),
(449,	29,	'Jaisalmer',	1),
(450,	29,	'Jalore',	1),
(451,	29,	'Jhalawar',	1),
(452,	29,	'Jhunjhunu',	1),
(453,	29,	'Jodhpur',	1),
(454,	29,	'Karauli',	1),
(455,	29,	'Kota',	1),
(456,	29,	'Nagaur',	1),
(457,	29,	'Pali',	1),
(458,	29,	'Rajsamand',	1),
(459,	29,	'Sawai Madhopur',	1),
(460,	29,	'Sikar',	1),
(461,	29,	'Sirohi',	1),
(462,	29,	'Tonk',	1),
(463,	29,	'Udaipur',	1),
(464,	30,	'East Sikkim',	1),
(465,	30,	'North Sikkim',	1),
(466,	30,	'South Sikkim',	1),
(467,	30,	'West Sikkim',	1),
(468,	31,	'Chennai',	1),
(469,	31,	'Coimbatore',	1),
(470,	31,	'Cuddalore',	1),
(471,	31,	'Dharmapuri',	1),
(472,	31,	'Dindigul',	1),
(473,	31,	'Erode',	1),
(474,	31,	'Kanchipuram',	1),
(475,	31,	'Kanyakumari',	1),
(476,	31,	'Karur',	1),
(477,	31,	'Madurai',	1),
(478,	31,	'Nagapattinam',	1),
(479,	31,	'Namakkal',	1),
(480,	31,	'Perambalur',	1),
(481,	31,	'Pudukkottai',	1),
(482,	31,	'Ramanathapuram',	1),
(483,	31,	'Salem',	1),
(484,	31,	'Sivaganga',	1),
(485,	31,	'Thanjavur',	1),
(486,	31,	'Nilgiris',	1),
(487,	31,	'Theni',	1),
(488,	31,	'Tiruvallur',	1),
(489,	31,	'Tiruvarur',	1),
(490,	31,	'Thoothukudi (Tuticorin)',	1),
(491,	31,	'Tiruchirappalli',	1),
(492,	31,	'Tirunelveli',	1),
(493,	31,	'Tiruvannamalai',	1),
(494,	31,	'Vellore',	1),
(495,	31,	'Viluppuram',	1),
(496,	31,	'Virudhunagar',	1),
(497,	31,	'Krishnagiri',	1),
(498,	32,	'Dhalai',	1),
(499,	32,	'North Tripura',	1),
(500,	32,	'South Tripura',	1),
(501,	32,	'West Tripura',	1),
(502,	34,	'Agra',	1),
(503,	34,	'Aligarh',	1),
(504,	34,	'Allahabad',	1),
(505,	34,	'Ambedkar Nagar',	1),
(506,	34,	'Auraiya',	1),
(507,	34,	'Azamgarh',	1),
(508,	34,	'Baghpat',	1),
(509,	34,	'Bahraich',	1),
(510,	34,	'Ballia',	1),
(511,	34,	'Balrampur',	1),
(512,	34,	'Banda',	1),
(513,	34,	'Barabanki',	1),
(514,	34,	'Bareilly',	1),
(515,	34,	'Basti',	1),
(516,	34,	'Bijnor',	1),
(517,	34,	'Budaun',	1),
(518,	34,	'Bulandshahr',	1),
(519,	34,	'Chandauli',	1),
(520,	34,	'Chitrakoot',	1),
(521,	34,	'Deoria',	1),
(522,	34,	'Etah',	1),
(523,	34,	'Etawah',	1),
(524,	34,	'Faizabad',	1),
(525,	34,	'Farrukhabad',	1),
(526,	34,	'Fatehpur',	1),
(527,	34,	'Firozabad',	1),
(528,	34,	'Gautam Buddha Nagar',	1),
(529,	34,	'Ghaziabad',	1),
(530,	34,	'Ghazipur',	1),
(531,	34,	'Gonda',	1),
(532,	34,	'Gorakhpur',	1),
(533,	34,	'Hamirpur',	1),
(534,	34,	'Hardoi',	1),
(535,	34,	'Hathras',	1),
(536,	34,	'Jalaun',	1),
(537,	34,	'Jaunpur',	1),
(538,	34,	'Jhansi',	1),
(539,	34,	'Jyotiba Phule Nagar (J.P. Nagar)',	1),
(540,	34,	'Kannauj',	1),
(541,	34,	'Kanpur Dehat',	1),
(542,	34,	'Kanpur Nagar',	1),
(543,	34,	'Kaushambi',	1),
(544,	34,	'Lakhimpur - Kheri',	1),
(545,	34,	'Kushinagar (Padrauna)',	1),
(546,	34,	'Lalitpur',	1),
(547,	34,	'Lucknow',	1),
(548,	34,	'Maharajganj',	1),
(549,	34,	'Mahoba',	1),
(550,	34,	'Mainpuri',	1),
(551,	34,	'Mathura',	1),
(552,	34,	'Mau',	1),
(553,	34,	'Meerut',	1),
(554,	34,	'Mirzapur',	1),
(555,	34,	'Moradabad',	1),
(556,	34,	'Muzaffarnagar',	1),
(557,	34,	'Pilibhit',	1),
(558,	34,	'Pratapgarh',	1),
(559,	34,	'RaeBareli',	1),
(560,	34,	'Rampur',	1),
(561,	34,	'Saharanpur',	1),
(562,	34,	'Sant Kabir Nagar',	1),
(563,	34,	'Sant Ravidas Nagar',	1),
(564,	34,	'Shahjahanpur',	1),
(565,	34,	'Shravasti',	1),
(566,	34,	'Siddharth Nagar',	1),
(567,	34,	'Sitapur',	1),
(568,	34,	'Sonbhadra',	1),
(569,	34,	'Sultanpur',	1),
(570,	34,	'Unnao',	1),
(571,	34,	'Varanasi',	1),
(572,	33,	'Almora',	1),
(573,	33,	'Bageshwar',	1),
(574,	33,	'Chamoli',	1),
(575,	33,	'Champawat',	1),
(576,	33,	'Dehradun',	1),
(577,	33,	'Pauri Garhwal',	1),
(578,	33,	'Haridwar',	1),
(579,	33,	'Nainital',	1),
(580,	33,	'Pithoragarh',	1),
(581,	33,	'Rudraprayag',	1),
(582,	33,	'Tehri Garhwal',	1),
(583,	33,	'Udham Singh Nagar',	1),
(584,	33,	'Uttarkashi',	1),
(585,	35,	'Bankura',	1),
(586,	35,	'Burdwan (Bardhaman)',	1),
(587,	35,	'Birbhum',	1),
(588,	35,	'Dakshin Dinajpur (South Dinajpur)',	1),
(589,	35,	'Darjeeling',	1),
(590,	35,	'Howrah',	1),
(591,	35,	'Hooghly',	1),
(592,	35,	'Jalpaiguri',	1),
(593,	35,	'Cooch Behar',	1),
(594,	35,	'Malda',	1),
(595,	35,	'Purba Medinipur (East Medinipur)',	1),
(596,	35,	'Murshidabad',	1),
(597,	35,	'Nadia',	1),
(598,	35,	'North 24 Parganas',	1),
(599,	35,	'Purulia',	1),
(600,	35,	'South  24 Parganas',	1),
(601,	35,	'Uttar Dinajpur (North Dinajpur)',	1),
(602,	35,	'Paschim Medinipur (West Medinipur)',	1),
(603,	1,	'South Andaman',	1),
(604,	3,	'Anjaw',	1),
(605,	4,	'Udalguri',	1),
(606,	4,	'Baksa',	1),
(607,	4,	'Kamrup Metropolitan',	1),
(608,	4,	'Chirang',	1),
(609,	5,	'Arwal',	1),
(610,	6,	'Narayanpur',	1),
(611,	6,	'Bijapur',	1),
(612,	12,	'Tapi (Vyara)',	1),
(613,	14,	'Mewat',	1),
(614,	14,	'Palwal',	1),
(615,	15,	'Ramgarh',	1),
(616,	15,	'Khunti',	1),
(617,	16,	'Samba',	1),
(618,	17,	'Yadgir',	1),
(619,	17,	'Ramnagara',	1),
(620,	17,	'Chikballapur',	1),
(621,	23,	'Singrauli',	1),
(622,	23,	'Alirajpur',	1),
(623,	25,	'Peren',	1),
(624,	25,	'Kiphire',	1),
(625,	25,	'Longleng',	1),
(626,	27,	'Tarn Taran',	1),
(627,	27,	'Barnala',	1),
(628,	27,	'Sahibzada Ajit Singh (SAS) Nagar (Mohali)',	1),
(629,	29,	'Pratapgarh',	1),
(630,	31,	'Ariyalur',	1),
(631,	31,	'Tiruppur',	1),
(632,	35,	'Kolkata',	1),
(642,	2,	'Kadapa',	1),
(643,	3,	'Itanagar',	1),
(644,	4,	'Baska',	1),
(645,	4,	'Chirrang',	1),
(646,	5,	'Arrah',	1),
(647,	6,	'Umaria',	1),
(648,	6,	'Balod',	1),
(649,	6,	'Kawardha',	1),
(650,	10,	'Silvassa',	1),
(651,	16,	'Bandipore',	1),
(652,	16,	'Ganderbal',	1),
(653,	16,	'Kishtwar',	1),
(654,	16,	'Kulgam',	1),
(655,	16,	'Ramban',	1),
(656,	16,	'Reasi',	1),
(657,	16,	'Shopian',	1),
(658,	15,	'Jamshedpur',	1),
(659,	17,	'Madikeri',	1),
(660,	17,	'Ramanagaram',	1),
(661,	18,	'Kochi',	1),
(662,	18,	'Nagapattinam',	1),
(663,	19,	'Kavarati',	1),
(664,	19,	'Chetlah',	1),
(665,	19,	'Minicoy',	1),
(666,	23,	'Sarguja',	1),
(667,	32,	'Agartala',	1),
(668,	32,	'Sepahijala',	1),
(669,	35,	'Barasat',	1),
(670,	35,	'Raiganj',	1),
(671,	35,	'Siliguri',	1),
(672,	40,	'Khammam',	1),
(673,	40,	'Medak',	1),
(674,	40,	'Rangareddy',	1),
(675,	40,	'Nalgonda',	1),
(676,	31,	'Udhagamandalam',	1),
(677,	30,	'Gangtok',	1),
(678,	26,	'Bhubaneswar',	1),
(679,	21,	'Shillong',	1),
(680,	21,	'Baghmara',	1),
(681,	21,	'Jowai',	1),
(682,	21,	'Nongpoh',	1),
(683,	21,	'Nongston',	1),
(684,	21,	'Tura',	1),
(685,	21,	'Williamnagar',	1),
(686,	34,	'Hapur',	1),
(687,	20,	'Nanded',	1),
(688,	34,	'sambhal',	1),
(689,	40,	'Kazipet',	1),
(690,	29,	'Beawar',	1),
(691,	40,	'Warangal',	1),
(692,	23,	'Agar Malwa',	1),
(693,	23,	'Agar',	1),
(694,	4,	'Guwahati',	1),
(695,	34,	'Kanshi Ram Nagar',	1),
(696,	20,	'Palghar',	1),
(697,	15,	'Seraikella Kharsawan',	1),
(698,	26,	'Berhampur',	1),
(699,	1,	'Port Blair',	1),
(700,	40,	'Kothagudem',	1),
(701,	27,	'Pathankot',	1),
(702,	9,	'South East Delhi',	1),
(703,	34,	'Kasganj',	1),
(704,	31,	'Tuticorin',	0),
(705,	40,	'HYDERABAD',	1),
(706,	40,	'Secunderabad',	1),
(707,	40,	'Adilabad',	1),
(708,	6,	'Surajpur',	1),
(709,	15,	'Bhilai',	1),
(710,	15,	'Bokaro IP',	0),
(711,	9,	'Shahdara',	1),
(712,	42,	'GUJ AHM',	1),
(713,	41,	'district name 345667',	1),
(714,	45,	'enter district Name',	1);

DROP TABLE IF EXISTS `galleries`;
CREATE TABLE `galleries` (
  `id` int(11) NOT NULL AUTO_INCREMENT,
  `gallery_category_id` int(11) NOT NULL,
  `filename` text NOT NULL,
  `filemime` text NOT NULL,
  `filesize` varchar(100) NOT NULL,
  `sort_order` int(11) NOT NULL,
  `description` text NOT NULL,
  `cloud_tags` longtext NOT NULL,
  `status` tinyint(1) NOT NULL DEFAULT '1',
  `is_home` tinyint(1) NOT NULL DEFAULT '1',
  `created` timestamp NOT NULL DEFAULT CURRENT_TIMESTAMP ON UPDATE CURRENT_TIMESTAMP,
  PRIMARY KEY (`id`)
) ENGINE=InnoDB DEFAULT CHARSET=utf8;


DROP TABLE IF EXISTS `gallery_categories`;
CREATE TABLE `gallery_categories` (
  `id` int(11) NOT NULL AUTO_INCREMENT,
  `article_id` int(11) DEFAULT NULL,
  `user_id` int(11) NOT NULL,
  `title` varchar(250) CHARACTER SET utf8 COLLATE utf8_general_mysql500_ci NOT NULL,
  `content` text,
  `status` tinyint(1) NOT NULL DEFAULT '1',
  `created` timestamp NOT NULL DEFAULT CURRENT_TIMESTAMP ON UPDATE CURRENT_TIMESTAMP,
  PRIMARY KEY (`id`)
) ENGINE=InnoDB DEFAULT CHARSET=utf8;

INSERT INTO `gallery_categories` (`id`, `article_id`, `user_id`, `title`, `content`, `status`, `created`) VALUES
(1,	NULL,	1,	'Home',	'Home',	1,	'2019-07-10 11:42:10');

DROP TABLE IF EXISTS `languages`;
CREATE TABLE `languages` (
  `id` int(11) NOT NULL AUTO_INCREMENT,
  `name` varchar(50) COLLATE utf8_general_mysql500_ci NOT NULL,
  `culture` varchar(10) COLLATE utf8_general_mysql500_ci NOT NULL,
  `direction` enum('ltr','rtl') COLLATE utf8_general_mysql500_ci NOT NULL DEFAULT 'ltr',
  `is_default` tinyint(1) NOT NULL DEFAULT '0',
  `is_system` tinyint(1) NOT NULL DEFAULT '0',
  `status` tinyint(1) NOT NULL DEFAULT '1',
  `created_at` timestamp NULL DEFAULT NULL,
  `modified_at` timestamp NULL DEFAULT NULL,
  PRIMARY KEY (`id`),
  UNIQUE KEY `culture` (`culture`) USING BTREE
) ENGINE=MyISAM DEFAULT CHARSET=utf8 COLLATE=utf8_general_mysql500_ci;

INSERT INTO `languages` (`id`, `name`, `culture`, `direction`, `is_default`, `is_system`, `status`, `created_at`, `modified_at`) VALUES
(1,	'English',	'en',	'ltr',	1,	1,	1,	'2018-06-05 06:23:38',	'2019-06-25 07:18:58'),
(2,	'Hindi/',	'hi',	'ltr',	0,	0,	1,	'2018-06-05 06:24:05',	'2019-01-31 13:58:10');

DROP TABLE IF EXISTS `locale_sources`;
CREATE TABLE `locale_sources` (
  `id` bigint(20) unsigned NOT NULL AUTO_INCREMENT COMMENT 'Unique identifier of this string',
  `source` varchar(255) CHARACTER SET utf8 NOT NULL COMMENT 'The original string in English.',
  `created` timestamp NOT NULL DEFAULT CURRENT_TIMESTAMP,
  PRIMARY KEY (`id`)
) ENGINE=InnoDB DEFAULT CHARSET=latin1;

INSERT INTO `locale_sources` (`id`, `source`, `created`) VALUES
(1,	'Introduction',	'2018-12-17 12:10:15'),
(2,	'Introduction Source',	'2018-12-17 12:10:15'),
(3,	'News',	'2018-12-17 12:10:15'),
(4,	'Want an MSE Loan?',	'2018-12-17 12:10:15'),
(5,	'Borrower&#039;s Login',	'2018-12-17 12:10:15'),
(6,	'Apply for SIDBI Loan',	'2018-12-17 12:10:15'),
(7,	'Poverty Interventions',	'2018-12-17 12:10:15'),
(8,	'STRUCTURAL INTERVENTION',	'2018-12-17 12:10:15'),
(9,	'PSB Loans in 59 Minutes',	'2018-12-17 12:10:15'),
(10,	'Documents',	'2019-01-08 11:26:27'),
(11,	'Corrignedum',	'2019-01-08 11:27:57'),
(12,	'Annexure',	'2019-01-08 11:28:14'),
(13,	'Publication & Reports',	'2019-01-14 06:17:14'),
(14,	'Annual Series Report',	'2019-01-14 06:17:14'),
(15,	'View All',	'2019-01-14 06:17:14'),
(16,	'Sr. No.',	'2019-01-14 06:36:54'),
(17,	'Report Name',	'2019-01-14 06:36:54'),
(18,	'Download',	'2019-01-14 06:36:54'),
(19,	'Corporate Governance',	'2019-01-14 07:08:07'),
(20,	'File Name',	'2019-01-14 07:08:07'),
(21,	'Tenders',	'2019-01-15 05:58:59'),
(22,	'Archived Tenders',	'2019-01-15 05:58:59'),
(23,	'Archived Careers',	'2019-01-15 06:18:03'),
(24,	'Careers',	'2019-01-15 06:20:18'),
(25,	'Archived Press Releases',	'2019-01-15 09:32:16'),
(26,	'Press Release',	'2019-01-15 09:34:20'),
(27,	'Archived Press Release',	'2019-01-15 09:35:05'),
(28,	'Press Releases',	'2019-01-15 09:35:05'),
(29,	'Title',	'2019-01-15 09:35:05'),
(30,	'Overview',	'2019-01-17 09:15:26'),
(31,	'Important Links',	'2019-01-24 09:02:01'),
(32,	'Downloads Files',	'2019-01-24 09:18:27'),
(33,	'Archives',	'2019-01-31 14:07:13'),
(34,	'Archive',	'2019-01-31 14:09:34'),
(35,	'Sr. No. Test',	'2019-02-02 05:46:52'),
(36,	'Job Title',	'2019-02-02 09:56:09'),
(37,	'Start Date',	'2019-02-02 09:56:09'),
(38,	'Corrigendum',	'2019-02-06 09:27:58'),
(39,	'Direct Loans',	'2019-02-07 10:31:48'),
(40,	'Venture Capital',	'2019-02-07 10:31:48'),
(41,	'Indirect Finance',	'2019-02-07 10:31:48'),
(42,	'Fixed Deposit',	'2019-02-07 10:31:48'),
(43,	'Microfinance',	'2019-02-07 10:31:48'),
(44,	'Products',	'2019-02-07 10:35:17'),
(45,	'More Products',	'2019-02-07 10:35:17'),
(46,	'PROMOTION AND DEVELOPMENT',	'2019-02-07 10:35:17'),
(47,	'View Other Initiatives',	'2019-02-07 10:38:07'),
(48,	'SWAVALAMBAN',	'2019-02-07 10:49:43'),
(49,	'Bechain Sapno ko Pankh...',	'2019-02-07 10:49:43'),
(50,	'An Entrepreneurship Education Knowledge Series',	'2019-02-07 10:49:43'),
(51,	'Read More',	'2019-02-07 10:49:43'),
(52,	'ECOSYSTEM',	'2019-02-07 10:49:44'),
(53,	'SIDBI News',	'2019-02-07 10:49:44'),
(54,	'Internal News',	'2019-02-07 10:49:44'),
(55,	'Photos',	'2019-02-07 10:49:44'),
(56,	'SOCIAL MEDIA',	'2019-02-07 10:49:44'),
(57,	'MSME IN FOCUS',	'2019-02-07 10:49:44'),
(58,	'Feedback',	'2019-02-07 11:06:34'),
(59,	'Feedback',	'2019-02-07 11:06:34'),
(60,	'Employee Corner',	'2019-02-07 11:06:34'),
(61,	'Borrower\'s Corner',	'2019-02-07 11:06:34'),
(62,	'Contact Us',	'2019-02-07 11:06:34'),
(63,	'Enquiry',	'2019-02-07 11:09:26'),
(64,	'I am looking for...',	'2019-02-07 11:28:36'),
(65,	'Select category',	'2019-02-07 11:28:36'),
(66,	'Scroll For PROMOTION AND DEVELOPMENT',	'2019-02-07 11:34:52'),
(67,	'Scroll For SWAVALAMBAN',	'2019-02-07 11:34:52'),
(68,	'Scroll For STRUCTURAL INTERVENTIONS',	'2019-02-07 11:34:52'),
(69,	'Scroll For ECOSYSTEM & POVERTY INTERVENTIONS',	'2019-02-07 11:37:25'),
(70,	'Scroll For News & Media',	'2019-02-07 11:37:26'),
(71,	'Scroll For MSME IN FOCUS',	'2019-02-07 11:37:26'),
(72,	'Whats Happening',	'2019-02-07 12:29:12'),
(73,	'CPIOs Orders',	'2019-02-08 12:34:05'),
(74,	'Date',	'2019-02-11 08:50:09'),
(75,	'Announcements',	'2019-02-15 10:33:25'),
(76,	'MSME KNOWLEDGE KIT',	'2019-02-16 04:51:30'),
(77,	'MSME STUDIES AND REPORTS',	'2019-02-16 04:56:52'),
(78,	'MSME POLICIES AND IMPORTANT CIRCULARS',	'2019-02-16 04:57:18'),
(79,	'Synopsis',	'2019-02-27 05:58:16'),
(80,	'Know More',	'2019-03-05 11:19:54'),
(81,	'Click Here for more Details',	'2019-03-05 12:28:12'),
(82,	'Expiry Date',	'2019-03-06 07:24:33'),
(83,	'Last date of submission',	'2019-03-06 07:26:45'),
(84,	'Enter keyword',	'2019-03-06 09:24:25'),
(85,	'Circulations',	'2019-03-08 07:04:38'),
(86,	'Circulars',	'2019-03-08 08:01:46'),
(87,	'Project Brief',	'2019-03-09 05:57:40'),
(88,	'GEF Project',	'2019-03-09 05:57:40'),
(89,	'Procurement',	'2019-03-09 06:08:42'),
(90,	'Financial Management',	'2019-03-09 06:08:42'),
(91,	'Project Outcome',	'2019-03-09 06:08:42'),
(92,	'Environmental and Social Risk Management Framework Manual (ESMF) for SIDBI',	'2019-03-09 06:08:42'),
(93,	'Environmental Risk Management Framework (ERMF-PRSF)',	'2019-03-09 06:08:42'),
(94,	'RTI Cell',	'2019-03-11 06:10:18'),
(95,	'BOARD OF DIRECTORS',	'2019-03-11 12:57:17'),
(96,	'Shri. Mohammad Mustafa',	'2019-03-11 12:57:17'),
(97,	'Chairman & Managing Director',	'2019-03-11 12:57:17'),
(98,	'View Profile',	'2019-03-11 12:57:18'),
(99,	'Archived Announcements',	'2019-03-12 05:11:29'),
(100,	'As on February 27, 2019',	'2019-03-14 04:54:05'),
(101,	'SHAREHOLDING',	'2019-03-14 04:55:46'),
(102,	'Shareholding Pattern of SIDBI',	'2019-03-14 04:58:47'),
(103,	'SL. No.',	'2019-03-14 05:15:11'),
(104,	'Name Of The Shareholder',	'2019-03-14 05:21:20'),
(105,	'No Of Shares Held',	'2019-03-14 05:22:16'),
(106,	'% Of Holding',	'2019-03-14 05:22:35'),
(107,	'Sr. No',	'2019-03-14 05:24:35'),
(108,	'Micro Lending',	'2019-03-14 12:55:09'),
(109,	'View Profile of <br>All Directors',	'2019-03-18 06:55:26'),
(110,	'Assistance through Banks',	'2019-03-19 09:26:20'),
(111,	'Assistance through Banks, NBFCs, SFBs',	'2019-03-19 09:36:45'),
(112,	'ASSISTANCE THROUGH NBFC',	'2019-03-19 10:07:15'),
(113,	'ASSISTANCE THROUGH NBFCs',	'2019-03-19 10:09:44'),
(114,	'REFINANCE SCHEMES',	'2019-03-19 10:12:48'),
(115,	'SFB',	'2019-03-19 10:14:58'),
(116,	'Assistance to Small Finance Banks',	'2019-03-19 10:17:29'),
(117,	'Institutional Finance',	'2019-04-06 04:30:42'),
(118,	'OPTIMISMS',	'2019-04-08 07:34:07'),
(119,	'SANKALPS',	'2019-04-08 07:34:15'),
(120,	'Search all categories',	'2019-04-18 07:45:08'),
(121,	'Msme Pulse All Editions',	'2019-04-22 12:02:39'),
(122,	'Msme Pulse',	'2019-04-22 12:02:39'),
(123,	'Scroll For Financial',	'2019-04-24 06:56:50'),
(124,	'Scroll For Financial Reports',	'2019-04-24 09:34:50'),
(125,	'Scroll For Direct Loans',	'2019-04-24 09:35:14'),
(126,	'Borrower&#39s Corner',	'2019-05-10 05:54:52'),
(127,	'As on May 26, 2019',	'2019-06-03 11:57:01'),
(128,	'Archived Msme In Focus',	'2019-06-19 07:55:04'),
(129,	'MsmeFocus',	'2019-06-19 07:55:05'),
(130,	'Shareholders',	'2019-06-25 05:24:09'),
(131,	'Swavlamban',	'2019-06-25 19:05:27'),
(132,	'OPTIMISM',	'2019-06-26 10:50:19');

DROP TABLE IF EXISTS `locale_targets`;
CREATE TABLE `locale_targets` (
  `id` bigint(20) unsigned NOT NULL AUTO_INCREMENT,
  `locale_source_id` bigint(20) unsigned NOT NULL COMMENT 'Source string ID. References locale_sources.id',
  `translation` text CHARACTER SET utf8 NOT NULL COMMENT 'Translation string value in this language.',
  `language` varchar(11) NOT NULL COMMENT 'Language code. References languages.langcode.',
  PRIMARY KEY (`id`),
  KEY `locale_source_id` (`locale_source_id`)
) ENGINE=InnoDB DEFAULT CHARSET=latin1;

INSERT INTO `locale_targets` (`id`, `locale_source_id`, `translation`, `language`) VALUES
(1,	1,	'',	'hi'),
(2,	2,	' ',	'hi'),
(3,	1,	'Introduccin',	'es'),
(4,	2,	'Introduccin Fuente',	'es'),
(5,	3,	'',	'hi'),
(6,	3,	'Nouvelles',	'fr'),
(7,	3,	'Noticias',	'es'),
(9,	6,	'    ',	'hi'),
(10,	6,	'',	'fr'),
(11,	6,	'',	'es'),
(12,	1,	'introduction',	'fr'),
(13,	8,	' ',	'hi'),
(14,	8,	'',	'fr'),
(15,	8,	'',	'es'),
(16,	8,	'',	'zh'),
(17,	9,	'59    ',	'hi'),
(18,	9,	'',	'fr'),
(19,	9,	'',	'es'),
(20,	9,	'',	'zh'),
(21,	10,	'',	'hi'),
(22,	11,	'',	'hi'),
(23,	12,	'',	'hi'),
(24,	16,	'',	'hi'),
(25,	30,	'',	'hi'),
(26,	39,	' ',	'hi'),
(27,	40,	' ',	'hi'),
(28,	41,	' ',	'hi'),
(29,	42,	'  ',	'hi'),
(30,	43,	'',	'hi'),
(31,	58,	'',	'hi'),
(32,	62,	'  ',	'hi'),
(33,	24,	'',	'hi'),
(34,	63,	' ',	'hi'),
(35,	60,	'  ',	'hi'),
(36,	21,	'',	'hi'),
(37,	46,	'  ',	'hi'),
(38,	50,	'  ',	'hi'),
(39,	48,	'',	'hi'),
(40,	49,	'    ',	'hi'),
(41,	67,	'     ',	'hi'),
(42,	45,	' ',	'hi'),
(43,	51,	'  ',	'hi'),
(44,	52,	'',	'hi'),
(45,	7,	'   ',	'hi'),
(46,	44,	' ',	'hi'),
(47,	47,	'     ',	'hi'),
(48,	72,	'    ',	'hi'),
(49,	79,	'  ',	'hi'),
(50,	61,	'  ',	'hi'),
(51,	80,	' ',	'hi'),
(52,	64,	'   ...',	'hi'),
(53,	65,	'   ',	'hi'),
(54,	66,	'       ',	'hi'),
(55,	68,	'         ',	'hi'),
(56,	69,	'       ',	''),
(57,	81,	'      ',	'hi'),
(58,	55,	'',	'hi'),
(59,	53,	' ',	'hi'),
(60,	36,	'  ',	'hi'),
(61,	37,	'   ',	'hi'),
(62,	83,	'    ',	'hi'),
(63,	84,	'  ',	'hi'),
(64,	96,	'  ',	'hi'),
(65,	97,	'   ',	'hi'),
(66,	101,	' ',	'hi'),
(67,	100,	' 27 2019',	'hi'),
(68,	102,	'  -  ',	'hi'),
(69,	104,	'-  ',	'hi'),
(70,	105,	'   ',	'hi'),
(71,	106,	' % ',	'hi'),
(72,	110,	'    ',	'hi'),
(73,	111,	',   ,      ',	'hi'),
(74,	113,	'-    ',	'hi'),
(75,	114,	'  ',	'hi'),
(76,	116,	'    ',	'hi'),
(77,	117,	' ',	'hi'),
(78,	108,	' ',	'hi');

DROP TABLE IF EXISTS `login_attempts`;
CREATE TABLE `login_attempts` (
  `id` int(11) NOT NULL AUTO_INCREMENT,
  `uid` int(11) NOT NULL,
  `ipaddress` varchar(20) CHARACTER SET utf8 NOT NULL,
  `failed_attempts` int(11) NOT NULL,
  `last_attempt` timestamp NOT NULL DEFAULT CURRENT_TIMESTAMP ON UPDATE CURRENT_TIMESTAMP,
  `login_flag` tinyint(2) NOT NULL DEFAULT '0' COMMENT '1 for logged in and 0 for logged out.',
  PRIMARY KEY (`id`)
) ENGINE=InnoDB DEFAULT CHARSET=latin1;

INSERT INTO `login_attempts` (`id`, `uid`, `ipaddress`, `failed_attempts`, `last_attempt`, `login_flag`) VALUES
(1,	1,	'127.0.0.1',	0,	'2019-07-10 12:33:51',	0),
(3,	1,	'192.168.150.62',	1,	'2019-07-10 17:51:42',	0);

DROP TABLE IF EXISTS `logo_sliders`;
CREATE TABLE `logo_sliders` (
  `id` int(11) NOT NULL AUTO_INCREMENT,
  `title` varchar(250) NOT NULL,
  `logo_image` varchar(250) NOT NULL,
  `logo_cat_id` int(11) NOT NULL,
  `website` varchar(250) CHARACTER SET utf8 COLLATE utf8_general_mysql500_ci DEFAULT NULL,
  `user_id` int(11) NOT NULL,
  `status` tinyint(1) NOT NULL DEFAULT '1',
  `created` timestamp NOT NULL DEFAULT CURRENT_TIMESTAMP ON UPDATE CURRENT_TIMESTAMP,
  PRIMARY KEY (`id`),
  KEY `user_id` (`user_id`),
  CONSTRAINT `logo_sliders_ibfk_1` FOREIGN KEY (`user_id`) REFERENCES `users` (`id`) ON DELETE NO ACTION
) ENGINE=InnoDB DEFAULT CHARSET=latin1;

INSERT INTO `logo_sliders` (`id`, `title`, `logo_image`, `logo_cat_id`, `website`, `user_id`, `status`, `created`) VALUES
(1,	'India.gov.in',	'f-logo1.jpg',	2,	'https://www.india.gov.in/',	1,	1,	'2019-07-08 06:45:56'),
(6,	'STATE GOVERNMENT OF HARYANA',	'f-logo2.jpg',	2,	'http://haryana.gov.in/',	1,	1,	'2019-07-08 12:25:21'),
(7,	'Digital India Power of Empower',	'f-logo3.jpg',	2,	'https://digitalindia.gov.in/empowerment',	1,	1,	'2019-07-08 12:27:11'),
(8,	'Ek kadam swachhata ki aur',	'f-logo4.jpg',	2,	'https://mhrd.gov.in/swachh-bharat-ek-kadam-swachhata-ki-aur',	1,	1,	'2019-07-08 12:29:20'),
(9,	'data.gov.in',	'f-logo5.jpg',	2,	'https://data.gov.in/',	1,	1,	'2019-07-08 12:30:17'),
(10,	'Election commission of india',	'f-logo6.jpg',	2,	'https://eci.gov.in/',	1,	1,	'2019-07-08 12:32:11'),
(11,	'My Gov',	'f-logo7.jpg',	2,	'https://www.mygov.in/',	1,	1,	'2019-07-08 12:32:44');

DROP TABLE IF EXISTS `menus`;
CREATE TABLE `menus` (
  `id` int(11) NOT NULL AUTO_INCREMENT,
  `menu_region_id` int(11) NOT NULL,
  `parent_id` int(11) DEFAULT '0',
  `lft` int(11) DEFAULT '0',
  `rght` int(11) DEFAULT '0',
  `menu_title` varchar(255) COLLATE utf8_general_mysql500_ci NOT NULL,
  `menu_type` enum('custom','object','module','internal') COLLATE utf8_general_mysql500_ci NOT NULL DEFAULT 'custom',
  `custom_link` text COLLATE utf8_general_mysql500_ci,
  `internal_link` text COLLATE utf8_general_mysql500_ci,
  `object_type` varchar(30) COLLATE utf8_general_mysql500_ci DEFAULT NULL,
  `object_id` bigint(20) NOT NULL DEFAULT '0',
  `module_id` int(11) NOT NULL DEFAULT '0',
  `redirection` enum('self','new-window') COLLATE utf8_general_mysql500_ci NOT NULL DEFAULT 'self',
  `sort_order` int(11) NOT NULL DEFAULT '0',
  `status` tinyint(1) NOT NULL DEFAULT '1',
  PRIMARY KEY (`id`),
  KEY `menu_region_id` (`menu_region_id`) USING BTREE,
  KEY `menu_type` (`menu_type`) USING BTREE,
  KEY `object_type` (`object_type`) USING BTREE,
  KEY `object_id` (`object_id`) USING BTREE,
  KEY `module_id` (`module_id`) USING BTREE
) ENGINE=MyISAM DEFAULT CHARSET=utf8 COLLATE=utf8_general_mysql500_ci;

INSERT INTO `menus` (`id`, `menu_region_id`, `parent_id`, `lft`, `rght`, `menu_title`, `menu_type`, `custom_link`, `internal_link`, `object_type`, `object_id`, `module_id`, `redirection`, `sort_order`, `status`) VALUES
(1,	2,	NULL,	19,	20,	'Home',	'internal',	'',	'/',	'',	0,	0,	'self',	0,	1),
(77,	6,	NULL,	139,	140,	'Sitemap',	'object',	'',	'',	'article',	7,	0,	'self',	0,	1),
(35,	6,	NULL,	57,	58,	'Disclaimer',	'object',	'',	'',	'article',	6,	0,	'self',	0,	1),
(34,	6,	NULL,	109,	110,	'Accessibility',	'object',	'',	'',	'article',	5,	0,	'self',	0,	1),
(33,	6,	NULL,	111,	112,	'Hyperlink Policy',	'object',	'',	'',	'article',	4,	0,	'self',	0,	1),
(32,	6,	NULL,	107,	108,	'Copyright Policy',	'object',	'',	'',	'article',	3,	0,	'self',	0,	1),
(31,	6,	NULL,	55,	56,	'Privacy Policy',	'object',	'',	'',	'article',	2,	0,	'self',	0,	1),
(30,	6,	NULL,	105,	106,	'Terms & Condition',	'object',	'',	'',	'article',	1,	0,	'self',	0,	1);

DROP TABLE IF EXISTS `menu_regions`;
CREATE TABLE `menu_regions` (
  `id` int(11) NOT NULL AUTO_INCREMENT,
  `region` varchar(35) COLLATE utf8_general_mysql500_ci NOT NULL,
  `slug` varchar(50) COLLATE utf8_general_mysql500_ci NOT NULL,
  `status` tinyint(1) NOT NULL DEFAULT '1',
  PRIMARY KEY (`id`),
  UNIQUE KEY `slug` (`slug`) USING BTREE
) ENGINE=MyISAM DEFAULT CHARSET=utf8 COLLATE=utf8_general_mysql500_ci;

INSERT INTO `menu_regions` (`id`, `region`, `slug`, `status`) VALUES
(2,	'Main Menu',	'main-menu',	1),
(6,	'Footer',	'footer',	1);

DROP TABLE IF EXISTS `menu_translations`;
CREATE TABLE `menu_translations` (
  `id` bigint(20) NOT NULL AUTO_INCREMENT,
  `menu_id` int(11) NOT NULL,
  `language_id` int(11) NOT NULL,
  `culture` varchar(10) COLLATE utf8_general_mysql500_ci NOT NULL,
  `menu_title` varchar(255) COLLATE utf8_general_mysql500_ci DEFAULT NULL,
  PRIMARY KEY (`id`)
) ENGINE=MyISAM DEFAULT CHARSET=utf8 COLLATE=utf8_general_mysql500_ci;

INSERT INTO `menu_translations` (`id`, `menu_id`, `language_id`, `culture`, `menu_title`) VALUES
(1,	1,	2,	'hi',	' '),
(2,	2,	2,	'hi',	'   '),
(3,	2,	3,	'fr',	''),
(4,	2,	4,	'es',	''),
(5,	3,	2,	'hi',	' '),
(6,	3,	3,	'fr',	''),
(7,	3,	4,	'es',	''),
(8,	4,	2,	'hi',	''),
(9,	4,	3,	'fr',	''),
(10,	4,	4,	'es',	''),
(11,	1,	3,	'fr',	''),
(12,	1,	4,	'es',	''),
(13,	7,	2,	'hi',	'   '),
(14,	7,	3,	'fr',	''),
(15,	7,	4,	'es',	''),
(16,	8,	2,	'hi',	' '),
(17,	8,	3,	'fr',	''),
(18,	8,	4,	'es',	''),
(19,	9,	2,	'hi',	'       '),
(20,	9,	3,	'fr',	''),
(21,	9,	4,	'es',	''),
(22,	10,	2,	'hi',	' '),
(23,	10,	3,	'fr',	''),
(24,	10,	4,	'es',	''),
(25,	11,	2,	'hi',	''),
(26,	11,	3,	'fr',	''),
(27,	11,	4,	'es',	''),
(28,	12,	2,	'hi',	''),
(29,	12,	3,	'fr',	''),
(30,	12,	4,	'es',	''),
(31,	13,	2,	'hi',	'      '),
(32,	13,	3,	'fr',	''),
(33,	13,	4,	'es',	''),
(34,	14,	2,	'hi',	'  '),
(35,	14,	3,	'fr',	''),
(36,	14,	4,	'es',	''),
(37,	15,	2,	'hi',	'  '),
(38,	15,	3,	'fr',	''),
(39,	15,	4,	'es',	''),
(40,	16,	2,	'hi',	'  '),
(41,	16,	3,	'fr',	''),
(42,	16,	4,	'es',	''),
(43,	17,	2,	'hi',	' '),
(44,	18,	2,	'hi',	'  '),
(46,	20,	2,	'hi',	'  '),
(47,	21,	2,	'hi',	'   '),
(100,	74,	2,	'hi',	'  '),
(49,	23,	2,	'hi',	'  '),
(50,	24,	2,	'hi',	''),
(51,	25,	2,	'hi',	'  '),
(83,	57,	2,	'hi',	' '),
(53,	27,	2,	'hi',	''),
(54,	28,	2,	'hi',	'  '),
(56,	30,	2,	'hi',	'  '),
(57,	31,	2,	'hi',	' '),
(58,	32,	2,	'hi',	' '),
(59,	33,	2,	'hi',	' '),
(60,	34,	2,	'hi',	' '),
(61,	35,	2,	'hi',	''),
(62,	36,	2,	'hi',	'-  '),
(63,	37,	2,	'hi',	''),
(64,	38,	2,	'hi',	''),
(65,	39,	2,	'hi',	''),
(66,	40,	2,	'hi',	''),
(67,	41,	2,	'hi',	''),
(68,	42,	2,	'hi',	'  -'),
(69,	43,	2,	'hi',	'Download Files'),
(70,	44,	2,	'hi',	''),
(71,	45,	2,	'hi',	'   '),
(72,	46,	2,	'hi',	'     '),
(73,	47,	2,	'hi',	'      '),
(74,	48,	2,	'hi',	'     '),
(75,	49,	2,	'hi',	'  / '),
(76,	50,	2,	'hi',	'   '),
(77,	51,	2,	'hi',	'    '),
(78,	52,	2,	'hi',	'     '),
(79,	53,	2,	'hi',	'  '),
(81,	55,	2,	'hi',	' '),
(82,	56,	2,	'hi',	' '),
(84,	58,	2,	'hi',	''),
(85,	59,	2,	'hi',	''),
(86,	60,	2,	'hi',	''),
(87,	61,	2,	'hi',	''),
(88,	62,	2,	'hi',	''),
(89,	63,	2,	'hi',	''),
(90,	64,	2,	'hi',	'  '),
(91,	65,	2,	'hi',	' (30 , 2018 )'),
(92,	66,	2,	'hi',	'     '),
(94,	68,	2,	'hi',	' '),
(95,	69,	2,	'hi',	''),
(96,	70,	2,	'hi',	'  '),
(97,	71,	2,	'hi',	' / '),
(98,	72,	2,	'hi',	'  '),
(99,	73,	2,	'hi',	''),
(101,	75,	2,	'hi',	''),
(102,	76,	2,	'hi',	''),
(103,	77,	2,	'hi',	''),
(104,	78,	2,	'hi',	'Clarifications');

DROP TABLE IF EXISTS `modules`;
CREATE TABLE `modules` (
  `id` int(10) unsigned NOT NULL AUTO_INCREMENT,
  `name` varchar(200) CHARACTER SET utf8 NOT NULL,
  `description` text CHARACTER SET utf8,
  `pid` int(11) NOT NULL DEFAULT '0',
  `cid` int(11) DEFAULT NULL,
  `controller` varchar(100) CHARACTER SET utf8 DEFAULT NULL,
  `action` varchar(100) CHARACTER SET utf8 DEFAULT NULL,
  `depth` decimal(6,3) NOT NULL,
  `icon` varchar(20) DEFAULT NULL,
  `created` timestamp NOT NULL DEFAULT CURRENT_TIMESTAMP,
  `modified` datetime NOT NULL,
  PRIMARY KEY (`id`)
) ENGINE=InnoDB DEFAULT CHARSET=latin1;

INSERT INTO `modules` (`id`, `name`, `description`, `pid`, `cid`, `controller`, `action`, `depth`, `icon`, `created`, `modified`) VALUES
(1,	'Users',	NULL,	0,	NULL,	'#',	'#',	1.000,	'fa fa-user',	'2018-10-26 12:16:20',	'2018-10-29 11:36:54'),
(2,	'Change Password',	'Change Password',	1,	NULL,	'users',	'change-password',	1.000,	NULL,	'2018-10-29 11:53:04',	'2018-10-29 11:53:04'),
(3,	'Masters',	'All masters data',	0,	NULL,	NULL,	NULL,	2.000,	'fa fa-folder',	'2018-10-29 12:06:53',	'2018-10-29 12:06:53'),
(4,	'Roles',	'',	3,	NULL,	'roles',	'index',	1.000,	NULL,	'2018-10-29 12:07:19',	'2018-10-29 12:07:19'),
(5,	'Modules',	'module list',	3,	NULL,	'modules',	'index',	2.000,	NULL,	'2018-10-29 12:09:45',	'2018-10-29 12:09:45'),
(6,	'Departments',	'Departments list',	3,	NULL,	'Departments',	'index',	3.000,	NULL,	'2018-10-29 12:10:54',	'2018-10-29 12:10:54'),
(7,	'Assign Role',	'rolespermissions',	1,	NULL,	'rolespermissions',	'index',	2.000,	NULL,	'2018-10-29 12:14:41',	'2018-10-29 12:20:18'),
(8,	'All Users',	'All users list',	1,	NULL,	'users',	'index',	1.000,	NULL,	'2018-10-29 12:21:10',	'2018-10-29 12:21:10'),
(9,	'Designation',	'',	3,	NULL,	'Designations',	'index',	4.000,	NULL,	'2018-10-29 12:28:34',	'2018-10-29 12:28:34'),
(10,	'States',	'',	3,	NULL,	'States',	'index',	5.000,	NULL,	'2018-10-29 12:30:53',	'2018-10-29 12:30:53'),
(11,	'Languages',	'languages list',	3,	3,	'languages',	'index',	7.000,	NULL,	'2018-12-17 16:35:31',	'2018-12-17 16:35:31'),
(13,	'Districts',	'',	3,	NULL,	'Districts',	'index',	6.000,	NULL,	'2018-10-29 12:35:48',	'2018-10-29 12:36:01'),
(14,	'Dashboard',	'for all users',	0,	NULL,	NULL,	NULL,	1.000,	'fa fa-dashboard',	'2018-11-14 14:31:27',	'2018-11-14 14:31:27'),
(15,	'Dashboard',	'',	14,	NULL,	'dashboard',	'index',	1.000,	NULL,	'2018-11-14 14:32:05',	'2018-11-14 14:32:05'),
(16,	'Content types',	'',	0,	NULL,	NULL,	NULL,	3.000,	'fa fa-folder',	'2018-12-17 14:31:39',	'2018-12-17 14:31:39'),
(17,	'Articles',	'',	16,	16,	'articles',	'index',	1.000,	NULL,	'2018-12-17 15:06:20',	'2018-12-17 15:06:20'),
(19,	'Logo Sliders',	'Logo Sliders list',	16,	16,	'logo-sliders',	'index',	5.000,	NULL,	'2018-12-17 15:31:48',	'2018-12-17 15:31:48'),
(21,	'Banners',	'All banners list',	16,	16,	'banners',	'index',	2.000,	NULL,	'2018-12-17 15:05:45',	'2018-12-17 15:05:45'),
(23,	'Language Management',	'Language Management',	0,	NULL,	NULL,	NULL,	5.000,	'fa fa-language',	'2018-12-17 14:32:29',	'2018-12-17 14:32:29'),
(24,	'Interface translation',	'User interface translation',	23,	23,	'locale-targets',	'index',	1.000,	NULL,	'2018-11-30 17:55:26',	'2018-11-30 17:55:26'),
(25,	'Locale String',	'Locale String for translation',	23,	0,	'locale-sources',	'index',	2.000,	NULL,	'2018-11-30 17:57:28',	'2018-11-30 17:57:28'),
(27,	'Appearance',	'',	0,	NULL,	NULL,	NULL,	6.000,	'fa fa-folder',	'2018-12-26 16:59:23',	'2018-12-26 16:59:23'),
(28,	'Menus',	'Menu list',	27,	NULL,	'menus',	'index',	1.000,	NULL,	'2018-12-26 16:59:49',	'2018-12-26 16:59:49'),
(29,	'News',	'All news',	16,	0,	'news',	'index',	7.000,	NULL,	'2018-12-27 19:25:13',	'2018-12-27 19:25:13'),
(40,	'Edit Article',	'',	16,	17,	'articles',	'edit',	1.000,	NULL,	'2019-01-24 17:39:48',	'2019-01-24 17:39:48'),
(41,	'Add Articles',	'',	16,	17,	'articles',	'add',	2.000,	NULL,	'2019-01-24 17:44:31',	'2019-01-24 17:44:31'),
(46,	'Add Banners',	'',	16,	21,	'banners',	'add ',	1.000,	NULL,	'2019-01-24 17:52:21',	'2019-01-24 17:52:21'),
(47,	'Edit Banners',	'For edit Home page Banners',	16,	16,	'banners',	'edit',	2.000,	NULL,	'2019-01-24 17:55:39',	'2019-01-24 17:55:39'),
(52,	'Add News',	'',	16,	29,	'news',	'add',	1.000,	NULL,	'2019-01-24 17:58:14',	'2019-01-24 17:58:14'),
(53,	'Edit News',	'',	16,	29,	'news',	'edit',	2.000,	NULL,	'2019-01-24 17:58:45',	'2019-01-24 17:58:45'),
(69,	'Add Logo Sliders',	'',	16,	19,	'logo-sliders',	'add',	1.000,	NULL,	'2019-01-24 18:20:42',	'2019-01-24 18:20:42'),
(70,	'Edit Logo Sliders',	'',	16,	19,	'logo-sliders',	'edit',	2.000,	NULL,	'2019-01-24 18:21:19',	'2019-01-24 18:21:19'),
(71,	'Banners',	'',	0,	NULL,	NULL,	NULL,	3.000,	'',	'2019-01-24 18:49:24',	'2019-01-24 18:49:24'),
(72,	'Articles',	'',	0,	NULL,	NULL,	NULL,	3.000,	'',	'2019-01-24 18:45:10',	'2019-01-24 18:45:10'),
(75,	'Galleries',	'',	0,	NULL,	NULL,	NULL,	6.000,	'fa fa-folder',	'2019-02-02 13:25:47',	'2019-02-02 13:25:47'),
(76,	'Galleries',	'',	75,	NULL,	'galleries',	'index',	1.000,	NULL,	'2019-02-02 13:24:09',	'2019-02-02 13:24:09'),
(77,	'Categories',	'gallery categories',	75,	0,	'gallery-categories',	'index',	2.000,	NULL,	'2019-02-02 13:25:02',	'2019-02-02 13:25:02'),
(85,	'User Logs',	'user-log',	1,	0,	'users',	'user-log',	3.000,	NULL,	'2019-02-20 17:25:53',	'2019-02-20 17:25:53'),
(89,	'Complaints / Grievance',	'Complaints / Grievance',	27,	0,	'online-enquiry',	'complaints-grievance',	3.000,	NULL,	'2019-03-04 12:55:10',	'2019-03-04 12:55:10'),
(90,	'Complaints Grievance View',	'Complaints Grievance View',	27,	0,	'online-enquiry',	'complaints-view',	4.000,	NULL,	'2019-03-04 12:56:15',	'2019-03-04 12:56:15'),
(91,	'Password History',	'',	1,	0,	'users',	'change-password-history',	4.000,	NULL,	'2019-03-07 18:16:59',	'2019-03-07 18:16:59'),
(96,	'Subscription',	'Subscription',	27,	0,	'newsletters',	'index',	7.000,	NULL,	'2019-05-30 11:40:50',	'2019-05-30 11:40:50');

DROP TABLE IF EXISTS `news`;
CREATE TABLE `news` (
  `id` int(11) NOT NULL AUTO_INCREMENT,
  `title` varchar(250) CHARACTER SET utf8 COLLATE utf8_general_mysql500_ci NOT NULL,
  `excerpt` text CHARACTER SET utf8 COLLATE utf8_general_mysql500_ci,
  `content` longtext CHARACTER SET utf8 COLLATE utf8_general_mysql500_ci,
  `meta_title` varchar(250) DEFAULT NULL,
  `meta_keywords` text,
  `meta_description` text,
  `cloud_tags` longtext NOT NULL,
  `news_url` varchar(250) CHARACTER SET utf8 COLLATE utf8_general_mysql500_ci DEFAULT NULL,
  `display_date` date NOT NULL,
  `user_id` int(11) NOT NULL,
  `sort_order` int(11) DEFAULT '0',
  `status` tinyint(1) NOT NULL DEFAULT '1',
  `custom_link` varchar(250) CHARACTER SET utf8 COLLATE utf8_general_mysql500_ci DEFAULT NULL,
  `upload_document_1` varchar(250) CHARACTER SET utf8 COLLATE utf8_general_mysql500_ci DEFAULT NULL,
  `upload_document_2` varchar(250) CHARACTER SET utf8 COLLATE utf8_general_mysql500_ci DEFAULT NULL,
  `created` timestamp NOT NULL DEFAULT CURRENT_TIMESTAMP,
  `updated` datetime NOT NULL,
  PRIMARY KEY (`id`),
  KEY `user_id` (`user_id`),
  CONSTRAINT `news_ibfk_1` FOREIGN KEY (`user_id`) REFERENCES `users` (`id`)
) ENGINE=InnoDB DEFAULT CHARSET=utf8;


DROP TABLE IF EXISTS `newsletters`;
CREATE TABLE `newsletters` (
  `id` int(11) NOT NULL AUTO_INCREMENT,
  `email` varchar(250) NOT NULL,
  `status` tinyint(1) NOT NULL DEFAULT '0',
  `is_unsubscribe` tinyint(1) NOT NULL DEFAULT '0',
  `reason` text,
  `category_id` int(10) DEFAULT NULL COMMENT '1=>All,2=>UDYAM ABHILASHA, 3=> MSME Pulse, 4=>Crisidex',
  `created` timestamp NOT NULL DEFAULT CURRENT_TIMESTAMP,
  PRIMARY KEY (`id`)
) ENGINE=InnoDB DEFAULT CHARSET=latin1;

INSERT INTO `newsletters` (`id`, `email`, `status`, `is_unsubscribe`, `reason`, `category_id`, `created`) VALUES
(9,	'vanjiwalesiddhant@gmail.com',	1,	1,	'I don\'t think the content is relevant',	4,	'2019-05-30 14:26:26'),
(10,	'siddhant.vanjiwale@silvertouch.com',	1,	0,	NULL,	3,	'2019-05-30 14:29:51');

DROP TABLE IF EXISTS `news_translations`;
CREATE TABLE `news_translations` (
  `id` int(11) NOT NULL AUTO_INCREMENT,
  `news_id` int(11) NOT NULL,
  `language_id` int(11) NOT NULL,
  `culture` varchar(10) CHARACTER SET utf8 COLLATE utf8_general_mysql500_ci NOT NULL,
  `title` varchar(250) CHARACTER SET utf8 COLLATE utf8_general_mysql500_ci DEFAULT NULL,
  `excerpt` text CHARACTER SET utf8 COLLATE utf8_general_mysql500_ci,
  `content` longtext CHARACTER SET utf8 COLLATE utf8_general_mysql500_ci NOT NULL,
  `news_url` varchar(250) CHARACTER SET utf8 COLLATE utf8_general_mysql500_ci DEFAULT NULL,
  PRIMARY KEY (`id`),
  KEY `news_id` (`news_id`),
  CONSTRAINT `news_translations_ibfk_1` FOREIGN KEY (`news_id`) REFERENCES `news` (`id`)
) ENGINE=InnoDB DEFAULT CHARSET=utf8;


DROP TABLE IF EXISTS `otps`;
CREATE TABLE `otps` (
  `id` int(11) unsigned NOT NULL AUTO_INCREMENT,
  `email` varchar(255) NOT NULL,
  `mobile_number` varchar(15) NOT NULL,
  `otp` mediumint(5) NOT NULL,
  `verified` int(1) DEFAULT NULL,
  `repeats` int(1) DEFAULT NULL,
  `wrong_attempt` int(1) DEFAULT NULL,
  `updated` timestamp NOT NULL DEFAULT CURRENT_TIMESTAMP ON UPDATE CURRENT_TIMESTAMP,
  `created` datetime NOT NULL,
  PRIMARY KEY (`id`)
) ENGINE=InnoDB DEFAULT CHARSET=latin1;


DROP TABLE IF EXISTS `registration`;
CREATE TABLE `registration` (
  `id` bigint(20) unsigned NOT NULL AUTO_INCREMENT,
  `user_id` bigint(20) NOT NULL,
  `designation_id` int(11) DEFAULT NULL COMMENT 'Primary Key of designation table',
  `date_of_birth` date DEFAULT NULL,
  `organization` varchar(250) NOT NULL,
  `shortname` varchar(100) NOT NULL,
  `name` varchar(100) NOT NULL,
  `gender` int(11) NOT NULL,
  `email` varchar(50) NOT NULL,
  `mobile_number` varchar(15) DEFAULT NULL,
  `phone` varchar(15) DEFAULT NULL,
  `fax` varchar(15) DEFAULT NULL,
  `state_id` bigint(20) NOT NULL,
  `district_id` bigint(20) NOT NULL,
  `city_id` bigint(20) DEFAULT NULL,
  `address` varchar(255) NOT NULL,
  `pincode` int(11) NOT NULL,
  `star` mediumint(10) DEFAULT NULL COMMENT '1=>One Star,2=>Two Star,3=>Three Star,4=>Four Star,5=>Five Star',
  `created` timestamp NOT NULL DEFAULT CURRENT_TIMESTAMP,
  PRIMARY KEY (`id`)
) ENGINE=InnoDB DEFAULT CHARSET=latin1;

INSERT INTO `registration` (`id`, `user_id`, `designation_id`, `date_of_birth`, `organization`, `shortname`, `name`, `gender`, `email`, `mobile_number`, `phone`, `fax`, `state_id`, `district_id`, `city_id`, `address`, `pincode`, `star`, `created`) VALUES
(1,	2,	1,	'1994-07-11',	'Silver Touch',	'Mr.',	'Nilesh Kumar',	1,	'nileshkumar.kushvaha@silvertouch.com',	'9984479213',	'45555-55555555',	'54545-45454545',	9,	126,	22439,	'Address',	123456,	NULL,	'2018-11-14 14:36:19');

DROP TABLE IF EXISTS `roles`;
CREATE TABLE `roles` (
  `id` int(10) NOT NULL AUTO_INCREMENT,
  `name` varchar(200) NOT NULL,
  `created` timestamp NULL DEFAULT CURRENT_TIMESTAMP,
  `modified` datetime DEFAULT NULL,
  `status` tinyint(1) NOT NULL DEFAULT '1',
  PRIMARY KEY (`id`)
) ENGINE=InnoDB DEFAULT CHARSET=latin1;

INSERT INTO `roles` (`id`, `name`, `created`, `modified`, `status`) VALUES
(1,	'Admin',	'2017-01-11 10:02:24',	'2018-11-22 16:51:08',	1),
(2,	'Publisher',	'2017-01-11 10:02:39',	'2018-11-22 16:50:52',	1),
(3,	'Editor',	'2017-01-11 10:02:51',	'2018-11-22 16:50:39',	1),
(4,	'Author',	'2017-01-11 10:02:58',	'2018-11-22 16:49:33',	0),
(5,	'Subscriber',	'2017-01-11 10:03:05',	'2018-11-22 16:50:15',	0),
(6,	'Nodal User',	'2019-02-22 13:16:58',	'2019-02-22 00:00:00',	1);

DROP TABLE IF EXISTS `roles_permissions`;
CREATE TABLE `roles_permissions` (
  `id` int(10) NOT NULL AUTO_INCREMENT,
  `role_id` int(10) NOT NULL,
  `mid` int(11) NOT NULL,
  `navigationshow` int(2) DEFAULT NULL COMMENT 'Show=0 ; Hide=1',
  `module` varchar(200) NOT NULL,
  `moduletask` varchar(200) NOT NULL,
  `updated` timestamp NOT NULL DEFAULT CURRENT_TIMESTAMP ON UPDATE CURRENT_TIMESTAMP,
  `created` datetime NOT NULL,
  PRIMARY KEY (`id`)
) ENGINE=InnoDB DEFAULT CHARSET=latin1;

INSERT INTO `roles_permissions` (`id`, `role_id`, `mid`, `navigationshow`, `module`, `moduletask`, `updated`, `created`) VALUES
(18,	1,	4,	0,	'Masters',	'Roles',	'2018-10-29 12:36:34',	'2018-10-29 12:36:34'),
(19,	1,	5,	0,	'Masters',	'Modules',	'2018-10-29 12:36:34',	'2018-10-29 12:36:34'),
(20,	1,	6,	0,	'Masters',	'Departments',	'2018-10-29 12:36:34',	'2018-10-29 12:36:34'),
(21,	1,	9,	0,	'Masters',	'Designation',	'2018-10-29 12:36:34',	'2018-10-29 12:36:34'),
(22,	1,	10,	0,	'Masters',	'States',	'2018-10-29 12:36:35',	'2018-10-29 12:36:35'),
(23,	1,	11,	0,	'Masters',	'Holidays',	'2018-10-29 12:36:35',	'2018-10-29 12:36:35'),
(24,	1,	12,	0,	'Masters',	'Quotes',	'2018-10-29 12:36:35',	'2018-10-29 12:36:35'),
(25,	1,	13,	0,	'Masters',	'Districts',	'2018-10-29 12:36:35',	'2018-10-29 12:36:35'),
(27,	2,	15,	1,	'Dashboard',	'Dashboard',	'2018-11-14 09:02:30',	'2018-11-14 14:32:30'),
(28,	3,	15,	1,	'Dashboard',	'Dashboard',	'2018-11-14 09:02:43',	'2018-11-14 14:32:43'),
(32,	4,	15,	1,	'Dashboard',	'Dashboard',	'2018-11-22 23:41:35',	'2018-11-23 10:41:35'),
(59,	4,	18,	1,	'Banners',	'Banner Add ',	'2018-11-26 01:35:18',	'2018-11-26 12:35:18'),
(60,	4,	19,	1,	'Banners',	'Banner Edit',	'2018-11-26 01:35:19',	'2018-11-26 12:35:19'),
(61,	4,	20,	1,	'Banners',	'Banner Delete ',	'2018-11-26 01:35:19',	'2018-11-26 12:35:19'),
(62,	4,	21,	0,	'Banners',	'Banners',	'2018-11-26 01:35:19',	'2018-11-26 12:35:19'),
(63,	4,	22,	1,	'Banners',	'View Banner',	'2018-11-26 01:35:19',	'2018-11-26 12:35:19'),
(76,	1,	24,	0,	'Language Management',	'Interface translation',	'2018-11-30 12:28:09',	'2018-11-30 17:58:09'),
(77,	1,	25,	0,	'Language Management',	'Locale String',	'2018-11-30 12:28:09',	'2018-11-30 17:58:09'),
(329,	2,	17,	0,	'Content types',	'Articles',	'2019-01-24 13:33:19',	'2019-01-24 19:03:19'),
(331,	2,	19,	0,	'Content types',	'Logo Sliders',	'2019-01-24 13:33:19',	'2019-01-24 19:03:19'),
(333,	2,	21,	0,	'Content types',	'Banners',	'2019-01-24 13:33:19',	'2019-01-24 19:03:19'),
(336,	2,	29,	0,	'Content types',	'News',	'2019-01-24 13:33:19',	'2019-01-24 19:03:19'),
(344,	2,	40,	1,	'Content types',	'Edit Article',	'2019-01-24 13:33:19',	'2019-01-24 19:03:19'),
(345,	2,	41,	1,	'Content types',	'Add Articles',	'2019-01-24 13:33:19',	'2019-01-24 19:03:19'),
(350,	2,	46,	1,	'Content types',	'Add Banners',	'2019-01-24 13:33:19',	'2019-01-24 19:03:19'),
(351,	2,	47,	1,	'Content types',	'Edit Banners',	'2019-01-24 13:33:19',	'2019-01-24 19:03:19'),
(356,	2,	52,	1,	'Content types',	'Add News',	'2019-01-24 13:33:19',	'2019-01-24 19:03:19'),
(357,	2,	53,	1,	'Content types',	'Edit News',	'2019-01-24 13:33:19',	'2019-01-24 19:03:19'),
(372,	2,	69,	1,	'Content types',	'Add Logo Sliders',	'2019-01-24 13:33:20',	'2019-01-24 19:03:20'),
(373,	2,	70,	1,	'Content types',	'Edit Logo Sliders',	'2019-01-24 13:33:20',	'2019-01-24 19:03:20'),
(464,	3,	17,	0,	'Content types',	'Articles',	'2019-01-24 13:57:13',	'2019-01-24 19:27:13'),
(466,	3,	19,	0,	'Content types',	'Logo Sliders',	'2019-01-24 13:57:13',	'2019-01-24 19:27:13'),
(468,	3,	21,	0,	'Content types',	'Banners',	'2019-01-24 13:57:13',	'2019-01-24 19:27:13'),
(471,	3,	29,	0,	'Content types',	'News',	'2019-01-24 13:57:13',	'2019-01-24 19:27:13'),
(479,	3,	40,	1,	'Content types',	'Edit Article',	'2019-01-24 13:57:13',	'2019-01-24 19:27:13'),
(480,	3,	41,	1,	'Content types',	'Add Articles',	'2019-01-24 13:57:13',	'2019-01-24 19:27:13'),
(485,	3,	46,	1,	'Content types',	'Add Banners',	'2019-01-24 13:57:13',	'2019-01-24 19:27:13'),
(486,	3,	47,	1,	'Content types',	'Edit Banners',	'2019-01-24 13:57:13',	'2019-01-24 19:27:13'),
(491,	3,	52,	1,	'Content types',	'Add News',	'2019-01-24 13:57:13',	'2019-01-24 19:27:13'),
(492,	3,	53,	1,	'Content types',	'Edit News',	'2019-01-24 13:57:13',	'2019-01-24 19:27:13'),
(588,	1,	76,	0,	'Galleries',	'Galleries',	'2019-02-13 14:00:16',	'2019-02-13 19:30:16'),
(589,	1,	77,	0,	'Galleries',	'Categories',	'2019-02-13 14:00:16',	'2019-02-13 19:30:16'),
(640,	6,	15,	1,	'Dashboard',	'Dashboard',	'2019-02-23 06:58:27',	'2019-02-23 12:28:27'),
(674,	1,	2,	1,	'Users',	'Change Password',	'2019-03-07 12:47:16',	'2019-03-07 18:17:16'),
(675,	1,	7,	0,	'Users',	'Assign Role',	'2019-03-07 12:47:16',	'2019-03-07 18:17:16'),
(676,	1,	8,	0,	'Users',	'All Users',	'2019-03-07 12:47:17',	'2019-03-07 18:17:17'),
(677,	1,	85,	0,	'Users',	'User Logs',	'2019-03-07 12:47:17',	'2019-03-07 18:17:17'),
(678,	1,	91,	0,	'Users',	'Password History',	'2019-03-07 12:47:17',	'2019-03-07 18:17:17'),
(679,	2,	2,	1,	'Users',	'Change Password',	'2019-03-07 12:47:28',	'2019-03-07 18:17:28'),
(680,	2,	85,	0,	'Users',	'User Logs',	'2019-03-07 12:47:29',	'2019-03-07 18:17:29'),
(681,	2,	91,	0,	'Users',	'Password History',	'2019-03-07 12:47:29',	'2019-03-07 18:17:29'),
(682,	3,	2,	1,	'Users',	'Change Password',	'2019-03-07 12:47:46',	'2019-03-07 18:17:45'),
(683,	3,	85,	0,	'Users',	'User Logs',	'2019-03-07 12:47:46',	'2019-03-07 18:17:46'),
(684,	3,	91,	0,	'Users',	'Password History',	'2019-03-07 12:47:46',	'2019-03-07 18:17:46'),
(685,	6,	2,	1,	'Users',	'Change Password',	'2019-03-07 12:48:00',	'2019-03-07 18:18:00'),
(686,	6,	85,	0,	'Users',	'User Logs',	'2019-03-07 12:48:00',	'2019-03-07 18:18:00'),
(687,	6,	91,	0,	'Users',	'Password History',	'2019-03-07 12:48:00',	'2019-03-07 18:18:00'),
(737,	1,	28,	0,	'Appearance',	'Menus',	'2019-05-30 06:11:07',	'2019-05-30 11:41:07'),
(738,	1,	33,	0,	'Appearance',	'Online Enquiry',	'2019-05-30 06:11:08',	'2019-05-30 11:41:07'),
(748,	1,	17,	0,	'Content types',	'Articles',	'2019-06-25 08:40:51',	'2019-06-25 14:10:51'),
(749,	1,	18,	0,	'Content types',	'Posts',	'2019-06-25 08:40:51',	'2019-06-25 14:10:51'),
(750,	1,	19,	0,	'Content types',	'Logo Sliders',	'2019-06-25 08:40:51',	'2019-06-25 14:10:51'),
(751,	1,	20,	0,	'Content types',	'Testimonials',	'2019-06-25 08:40:51',	'2019-06-25 14:10:51'),
(752,	1,	21,	0,	'Content types',	'Banners',	'2019-06-25 08:40:51',	'2019-06-25 14:10:51'),
(754,	1,	29,	0,	'Content types',	'News',	'2019-06-25 08:40:51',	'2019-06-25 14:10:51');

DROP TABLE IF EXISTS `sessions`;
CREATE TABLE `sessions` (
  `id` char(40) CHARACTER SET ascii COLLATE ascii_bin NOT NULL,
  `created` timestamp NOT NULL DEFAULT CURRENT_TIMESTAMP,
  `modified` datetime NOT NULL,
  `data` blob,
  `expires` int(10) unsigned DEFAULT NULL,
  PRIMARY KEY (`id`)
) ENGINE=InnoDB DEFAULT CHARSET=utf8;


DROP TABLE IF EXISTS `states`;
CREATE TABLE `states` (
  `id` int(11) unsigned NOT NULL AUTO_INCREMENT,
  `code` varchar(10) NOT NULL,
  `name` varchar(100) NOT NULL,
  `created` timestamp NOT NULL DEFAULT CURRENT_TIMESTAMP,
  `flag` int(11) NOT NULL DEFAULT '1',
  PRIMARY KEY (`id`)
) ENGINE=InnoDB DEFAULT CHARSET=utf8;

INSERT INTO `states` (`id`, `code`, `name`, `created`, `flag`) VALUES
(1,	'AN',	'Andaman and Nicobar Islands',	'2018-01-20 03:32:16',	1),
(2,	'AP',	'Andhra Pradesh',	'2018-01-20 03:32:16',	1),
(3,	'AR',	'Arunachal Pradesh',	'2018-01-20 03:32:16',	1),
(4,	'AS',	'Assam',	'2018-01-20 03:32:16',	1),
(5,	'BR',	'Bihar',	'2018-01-20 03:32:16',	1),
(6,	'CT',	'Chhattisgarh',	'2018-01-20 03:32:16',	1),
(7,	'CH',	'Chandigarh',	'2018-01-20 03:32:16',	1),
(8,	'DD',	'Daman and Diu',	'2018-01-20 03:32:16',	1),
(9,	'DL',	'Delhi',	'2018-01-20 03:32:16',	1),
(10,	'DN',	'Dadra and Nagar Haveli',	'2018-01-20 03:32:16',	1),
(11,	'GA',	'Goa',	'2018-01-20 03:32:16',	1),
(12,	'GJ',	'Gujarat',	'2018-01-20 03:32:16',	1),
(13,	'HP',	'Himachal Pradesh',	'2018-01-20 03:32:16',	1),
(14,	'HR',	'Haryana',	'2018-01-20 03:32:16',	1),
(15,	'JH',	'Jharkhand',	'2018-01-20 03:32:16',	1),
(16,	'JK',	'Jammu and Kashmir',	'2018-01-20 03:32:16',	1),
(17,	'KA',	'Karnataka',	'2018-01-20 03:32:16',	1),
(18,	'KL',	'Kerala',	'2018-01-20 03:32:16',	1),
(19,	'LD',	'Lakshadweep',	'2018-01-20 03:32:16',	1),
(20,	'MH',	'Maharashtra',	'2018-01-20 03:32:16',	1),
(21,	'ML',	'Meghalaya',	'2018-01-20 03:32:16',	1),
(22,	'MN',	'Manipur',	'2018-01-20 03:32:16',	1),
(23,	'MP',	'Madhya Pradesh',	'2018-01-20 03:32:16',	1),
(24,	'MZ',	'Mizoram',	'2018-01-20 03:32:16',	1),
(25,	'NL',	'Nagaland',	'2018-01-20 03:32:16',	1),
(26,	'OR',	'Odisha',	'2018-01-20 03:32:16',	1),
(27,	'PB',	'Punjab',	'2018-01-20 03:32:16',	1),
(28,	'PY',	'Puducherry',	'2018-01-20 03:32:16',	1),
(29,	'RJ',	'Rajasthan',	'2018-01-20 03:32:16',	1),
(30,	'SK',	'Sikkim',	'2018-01-20 03:32:16',	1),
(31,	'TN',	'Tamil Nadu',	'2018-01-20 03:32:16',	1),
(32,	'TR',	'Tripura',	'2018-01-20 03:32:16',	1),
(33,	'UL',	'Uttarakhand',	'2018-01-20 03:32:16',	1),
(34,	'UP',	'Uttar Pradesh',	'2018-01-20 03:32:16',	1),
(35,	'WB',	'West Bengal',	'2018-01-20 03:32:16',	1),
(40,	'TL',	'Telangana',	'2018-01-20 03:32:16',	1);

DROP TABLE IF EXISTS `users`;
CREATE TABLE `users` (
  `id` int(11) NOT NULL AUTO_INCREMENT,
  `name` varchar(250) NOT NULL,
  `username` varchar(100) NOT NULL,
  `email` varchar(255) NOT NULL,
  `password` varchar(255) NOT NULL,
  `password_hint` varchar(250) NOT NULL,
  `role_id` int(11) NOT NULL,
  `status` tinyint(1) NOT NULL DEFAULT '1',
  `created` timestamp NULL DEFAULT CURRENT_TIMESTAMP,
  `modified` datetime DEFAULT NULL,
  PRIMARY KEY (`id`),
  KEY `role_id` (`role_id`),
  CONSTRAINT `users_ibfk_1` FOREIGN KEY (`role_id`) REFERENCES `roles` (`id`)
) ENGINE=InnoDB DEFAULT CHARSET=latin1;

INSERT INTO `users` (`id`, `name`, `username`, `email`, `password`, `password_hint`, `role_id`, `status`, `created`, `modified`) VALUES
(1,	'Administrator',	'admin',	'admin@sidbifof.com',	'$2y$10$B9qa6FkC4iM4kkLATr40u.dNXMeWLptC67x0Y7Uk0/RcS0Ft2dKrC',	'Admin@123',	1,	1,	'2018-11-14 07:06:32',	NULL),
(2,	'Content Publisher',	'publisher',	'publisher@sidbifof.com',	'$2y$10$B9qa6FkC4iM4kkLATr40u.dNXMeWLptC67x0Y7Uk0/RcS0Ft2dKrC',	'Admin@123',	2,	1,	'2018-12-13 11:43:31',	NULL),
(3,	'Content Editor',	'editor',	'editor@sidbifof.com',	'$2y$10$B9qa6FkC4iM4kkLATr40u.dNXMeWLptC67x0Y7Uk0/RcS0Ft2dKrC',	'Admin@123',	3,	1,	'2018-11-14 07:06:32',	NULL),
(4,	'Content Author',	'author',	'author@sidbifof.com',	'$2y$10$B9qa6FkC4iM4kkLATr40u.dNXMeWLptC67x0Y7Uk0/RcS0Ft2dKrC',	'Admin@123',	4,	1,	'2018-11-14 07:06:32',	NULL),
(5,	'Subscriber',	'subscriber',	'subscriber@sidbifof.com',	'$2y$10$B9qa6FkC4iM4kkLATr40u.dNXMeWLptC67x0Y7Uk0/RcS0Ft2dKrC',	'Admin@123',	5,	1,	'2018-11-14 07:06:32',	NULL),
(6,	'Nilesh Kumar',	'nileshkumar.kushvaha',	'nileshkumar.kushvaha@silvertouch.com',	'$2y$10$uVq7LIBysJDse.4ESmbpPewIO7f6OPa2SZZwSi3wWWWFkCioZ.uIC',	'',	2,	1,	'2018-11-14 14:36:19',	'2018-11-14 14:36:19'),
(7,	'nodaluser',	'nodaluser@sidbi.com',	'nodaluser@sidbifof.com',	'$2y$10$x8y6Wqpc3CMCX5a9KIs0beFLBJXitGgFNQi1FoqdRd6Z1Xdho5zgu',	'',	6,	1,	'2019-02-23 12:21:57',	'2019-02-23 12:21:57');

-- 2019-07-10 18:40:39
